symbol	entrez	cor_ctrl	cor_hd	padj_ctrl	padj_hd	group
H2AZ1	3015	1	1	0	0	Both
RORA-AS1	101928784	0.649285714285714	0.935338345864662	6.7020881428591e-06	1.64350150984188e-05	Both
ATP5MK	84833	0.693265306122449	0.930827067669173	8.31512638933896e-07	1.64350150984188e-05	Both
COPRS	55352	0.667857142857143	0.930827067669173	2.90755387698637e-06	1.64350150984188e-05	Both
AKR1B1	231	0.616938775510204	0.921804511278196	2.57505307129352e-05	3.77013723174692e-05	Both
LOC112268048	112268048	0.763979591836735	0.920300751879699	1.34196569459497e-08	3.77013723174692e-05	Both
MRPL14	64928	0.442959183673469	0.915789473684211	0.00535669851752577	5.21575804787485e-05	Both
SLA2	84174	0.769591836734694	0.914285714285714	9.60468134945075e-09	5.32193650081226e-05	Both
GSTO1	9446	0.648979591836735	0.912781954887218	6.77706966347379e-06	5.50118909056818e-05	Both
SELENOH	280636	0.690918367346939	0.911278195488722	9.41179450120343e-07	5.53534570603806e-05	Both
OAS3	4940	-0.396122448979592	-0.909774436090226	0.0146388347101033	5.53534570603806e-05	HD_only
SLMO2-ATP5E	100533975	0.409591836734694	0.909774436090226	0.0111809547502696	5.53534570603806e-05	Both
SMDT1	91689	0.379795918367347	0.908270676691729	0.0201834539956126	5.89584879663918e-05	HD_only
THAP11	57215	0.56030612244898	0.906766917293233	0.000200853534383369	6.30192448747794e-05	Both
TDP2	51567	0.817142857142857	0.905263157894737	2.25594549815302e-10	6.75465199471212e-05	Both
RRAGA	10670	0.822959183673469	0.903759398496241	1.38483337552145e-10	7.25572407053564e-05	Both
CSTF1	1477	0.192551020408163	0.899248120300752	0.283857875694102	0.00010140299883626	HD_only
CMC2	56942	0.511632653061224	0.896240601503759	0.000910314033168835	0.000123391392154097	Both
AMZ2P1	201283	0.673469387755102	0.894736842105263	2.2388661560297e-06	0.000132308104568002	Both
CHCHD1	118487	0.717551020408163	0.893233082706767	2.30185961465262e-07	0.000135239660283103	Both
IMP3	55272	0.579489795918367	0.893233082706767	0.000103699757715738	0.000135239660283103	Both
ARG2	384	0.856734693877551	0.891729323308271	4.37910219968449e-12	0.000138677785923778	Both
YTHDF2	51441	0.736326530612245	0.890225563909774	7.85864647660891e-08	0.000138677785923778	Both
PSMD6	9861	0.76	0.890225563909774	1.78560602609438e-08	0.000138677785923778	Both
MRFAP1L2	93622	0.732448979591837	0.890225563909774	1.00700464285985e-07	0.000138677785923778	Both
NDUFB6	4712	0.788673469387755	0.890225563909774	2.57489912020059e-09	0.000138677785923778	Both
KGD4	92259	0.731020408163265	0.888721804511278	1.07931940110732e-07	0.000150083156813084	Both
PITPNA-AS1	100306951	0.578775510204082	0.887218045112782	0.000106406668117268	0.00016238193556681	Both
MED8	112950	0.27030612244898	0.885714285714286	0.116543250251477	0.00016429999011686	HD_only
TGIF2-RAB5IF	100527943	0.880714285714286	0.885714285714286	2.55937499570971e-13	0.00016429999011686	Both
RAB5IF	55969	0.645408163265306	0.885714285714286	7.88771531635748e-06	0.00016429999011686	Both
TRIAP1	51499	0.562755102040816	0.882706766917293	0.000184878946191383	0.000198810159195083	Both
FHL2	2274	0.701938775510204	0.881203007518797	5.31009461181863e-07	0.000202693863830739	Both
PTS	5805	0.674183673469388	0.881203007518797	2.1771805291847e-06	0.000202693863830739	Both
NME1-NME2	654364	0.544795918367347	0.881203007518797	0.000333150745377768	0.000202693863830739	Both
LOC102724916	102724916	0.658469387755102	0.879699248120301	4.4426892022216e-06	0.000213500583778542	Both
BID	637	0.46469387755102	0.879699248120301	0.00316636349350288	0.000213500583778542	Both
TMEM126A	84233	0.707959183673469	0.878195488721805	3.87617575391744e-07	0.000231151624587242	Both
NRBP2	340371	-0.771020408163265	-0.876691729323308	8.63845303998166e-09	0.000250091132550894	Both
EML6	400954	0.729489795918367	0.875187969924812	1.17257146068058e-07	0.000263802214536454	Both
AKTIP	64400	0.731938775510204	0.875187969924812	1.03690780013096e-07	0.000263802214536454	Both
LOC101930434	101930434	-0.344676420569892	-0.874723209158584	0.038041695500646	0.000265811721008169	HD_only
HINT1	3094	0.825714285714286	0.873684210526316	1.13301622224344e-10	0.000278563489699903	Both
SMIM15-AS1	101928630	-0.466836734693877	-0.87218045112782	0.00300424373326323	0.000288011325680255	Both
FDX1	2230	0.806428571428571	0.87218045112782	5.78257605115598e-10	0.000288011325680255	Both
RETREG3	162427	-0.351836734693877	0.87218045112782	0.0336092824864952	0.000288011325680255	HD_only
DYNLT2B	255758	0.685816326530612	0.870676691729323	1.21040471394551e-06	0.000304900584763627	Both
COX7C	1350	0.597959183673469	0.870676691729323	5.32514781038064e-05	0.000304900584763627	Both
TXNDC17	84817	0.628775510204082	0.866165413533835	1.5883128312639e-05	0.000399730008547299	Both
CFAP43	80217	0.249183673469388	-0.864661654135338	0.15199690511659	0.000430700332527426	HD_only
GLRX3	10539	0.795102040816327	0.863157894736842	1.5226724732732e-09	0.000463738552070971	Both
ASNSD1	54529	0.793367346938775	0.86015037593985	1.75730393789124e-09	0.000536479398573602	Both
ABCC11	85320	-0.591224489795918	-0.86015037593985	6.82449370455514e-05	0.000536479398573602	Both
COQ3	51805	0.678367346938775	0.858646616541353	1.78692830998827e-06	0.000576424743889394	Both
NDUFA2	4695	0.195714285714286	0.857142857142857	0.274783177175435	0.000597207090510858	HD_only
MIR4700	100616329	0.441428571428571	0.857142857142857	0.0055478499467367	0.000597207090510858	Both
TDRD9	122402	0.376326530612245	0.857142857142857	0.0215690557190563	0.000597207090510858	HD_only
UBE2B	7320	0.721734693877551	0.854135338345865	1.84106504842923e-07	0.000687985640805183	Both
PSMA7	5688	0.689183673469388	0.854135338345865	1.03016479050402e-06	0.000687985640805183	Both
BCL9	607	-0.42234693877551	-0.852631578947368	0.00851098853673082	0.000725583441141057	Both
LOC102723553	102723553	0.71	0.852631578947368	3.49254137007632e-07	0.000725583441141057	Both
TRAPPC3	27095	0.740918367346939	0.851127819548872	5.94080695655642e-08	0.00075338051935821	Both
ATP6V0B	533	0.45234693877551	0.851127819548872	0.00430306790649754	0.00075338051935821	Both
SUMO1	7341	0.763571428571429	0.851127819548872	1.38183396393114e-08	0.00075338051935821	Both
LOC112268267	112268267	-0.0942857142857143	-0.849624060150376	0.627627248089901	0.000783242507215143	HD_only
NDUFB2	4708	0.244387755102041	0.849624060150376	0.160933066147712	0.000783242507215143	HD_only
NME2	4831	0.439285714285714	0.849624060150376	0.00581225049221869	0.000783242507215143	Both
CLPTM1L	81037	0.364591836734694	0.84812030075188	0.0267781624145109	0.00081518685411823	HD_only
ADHFE1	137872	-0.547244897959184	-0.84812030075188	0.000308486810817778	0.00081518685411823	Both
NRDE2	55051	0.495102040816326	0.84812030075188	0.00143625016255428	0.00081518685411823	Both
MIR12127	113219470	0.715918367346939	0.846616541353383	2.50088218898878e-07	0.000837766149889458	Both
MRPL47	57129	0.787857142857143	0.846616541353383	2.692602307998e-09	0.000837766149889458	Both
LYSMD2	256586	0.823061224489796	0.846616541353383	1.38483337552145e-10	0.000837766149889458	Both
PIMREG	54478	0.48469387755102	0.846616541353383	0.00190075647201996	0.000837766149889458	Both
TMEM70	54968	0.888571428571428	0.845112781954887	9.87757898051596e-14	0.000885447664775449	Both
MRM3	55178	0.348163265306122	0.845112781954887	0.0358108315706234	0.000885447664775449	HD_only
POLE4	56655	0.145816326530612	0.843609022556391	0.431040961078269	0.00091230144211611	HD_only
UBE2F	140739	0.589183673469388	0.843609022556391	7.33764590967073e-05	0.00091230144211611	Both
C5	727	-0.61469387755102	-0.843609022556391	2.82706153458966e-05	0.00091230144211611	Both
SERP2	387923	0.540510204081633	0.843609022556391	0.00038231455501441	0.00091230144211611	Both
GGPS1	9453	0.649489795918367	0.842105263157895	6.63643678221613e-06	0.00095288186897611	Both
POLR1C	9533	0.375102040816326	0.842105263157895	0.0220791874853337	0.00095288186897611	HD_only
ZMAT1	84460	-0.266122448979592	-0.842105263157895	0.123001965099419	0.00095288186897611	HD_only
OSBPL9	114883	-0.332040816326531	-0.840601503759399	0.0469063073775044	0.000984306852024646	HD_only
SLC25A38	54977	0.202551020408163	0.840601503759399	0.256581045928083	0.000984306852024646	HD_only
SS18L2	51188	0.602448979591837	0.840601503759399	4.51033971851459e-05	0.000984306852024646	Both
BNIP3	664	0.772142857142857	0.840601503759399	8.01785858394311e-09	0.000984306852024646	Both
GHRLOS	100126793	0.259387755102041	0.839097744360902	0.134309322332983	0.0010294145697964	HD_only
PPA1	5464	0.82530612244898	0.839097744360902	1.17241473788873e-10	0.0010294145697964	Both
FHIP1B	84067	-0.555714285714286	-0.839097744360902	0.00023463305297818	0.0010294145697964	Both
MAD2L1BP	9587	0.676224489795918	0.83609022556391	1.98371244240518e-06	0.0011509279858721	Both
STOML2	30968	0.345816326530612	0.83609022556391	0.0372865435188883	0.0011509279858721	HD_only
COX16	51241	0.590204081632653	0.83609022556391	7.08048112491321e-05	0.0011509279858721	Both
RAMAC	83640	0.759897959183673	0.83609022556391	1.79587708445061e-08	0.0011509279858721	Both
MTIF2	4528	0.450102040816326	0.834586466165414	0.0045377735746023	0.00121640250681484	Both
LOC107985221	107985221	-0.327448979591837	-0.833082706766917	0.0505363309397439	0.00125949475530437	HD_only
LOC112268415	112268415	0.674081632653061	0.833082706766917	2.18159393361254e-06	0.00125949475530437	Both
CCT4	10575	0.823571428571429	0.833082706766917	1.32304342242168e-10	0.00125949475530437	Both
GEMIN7	79760	0.168061224489796	0.833082706766917	0.356522436077831	0.00125949475530437	HD_only
MIR4444-2	100846999	0.16530612244898	-0.831578947368421	0.365270675650896	0.00130524467196786	HD_only
EEF1E1	9521	0.734591836734694	0.831578947368421	8.78672899852475e-08	0.00130524467196786	Both
NUP42	11097	0.482755102040816	0.831578947368421	0.0019951529675557	0.00130524467196786	Both
GON7	84520	0.781836734693877	0.831578947368421	4.08551518322169e-09	0.00130524467196786	Both
NME7	29922	0.623673469387755	0.830075187969925	1.97177382416737e-05	0.00132907107867897	Both
LOC107986924	107986924	0.75734693877551	0.830075187969925	2.141711039427e-08	0.00132907107867897	Both
ALAD	210	-0.584081632653061	-0.830075187969925	8.85128381366975e-05	0.00132907107867897	Both
SRSF9	8683	0.392755102040816	0.830075187969925	0.0156703341348771	0.00132907107867897	HD_only
TXNL4A	10907	0.547857142857143	0.830075187969925	0.000302691206551143	0.00132907107867897	Both
OAZ1	4946	0.71734693877551	0.830075187969925	2.32870710726743e-07	0.00132907107867897	Both
JTB	10899	0.427040816326531	0.828571428571429	0.0076810655409742	0.00139242009483203	Both
GTF3A	2971	0.622244897959184	0.828571428571429	2.10071892255269e-05	0.00139242009483203	Both
LOC107984638	107984638	-0.330408163265306	-0.828571428571429	0.0481705302731294	0.00139242009483203	HD_only
MICOS10	440574	0.462040816326531	0.827067669172932	0.00339246246849871	0.00141017453006883	Both
HENMT1	113802	0.68030612244898	0.827067669172932	1.61630797106272e-06	0.00141017453006883	Both
RAB24	53917	0.240510204081633	0.827067669172932	0.168647370974849	0.00141017453006883	HD_only
ELOC	6921	0.784081632653061	0.827067669172932	3.55881676273088e-09	0.00141017453006883	Both
RAD21-AS1	644660	-0.172857142857143	-0.827067669172932	0.341315642526674	0.00141017453006883	HD_only
PTMAP11	441454	-0.548775510204082	-0.827067669172932	0.000294623042052211	0.00141017453006883	Both
RPP30	10556	0.553979591836735	0.827067669172932	0.000248524651598661	0.00141017453006883	Both
PPM1K	152926	0.401734693877551	0.825563909774436	0.0130771696409052	0.00150306197857616	Both
MROH7	374977	-0.683877551020408	-0.82406015037594	1.33683271014663e-06	0.00157527562701211	Both
ALMS1	7840	-0.591020408163265	-0.82406015037594	6.8715296427153e-05	0.00157527562701211	Both
NDUFB2-AS1	100134713	0.206938775510204	0.82406015037594	0.245083561676116	0.00157527562701211	HD_only
PRICKLE2	166336	0.562244897959184	0.822556390977444	0.000187944641133162	0.00162523917830809	Both
CUX1	1523	-0.741326530612245	-0.822556390977444	5.85174048496518e-08	0.00162523917830809	Both
TSG101	7251	0.496224489795918	0.822556390977444	0.00139386419422927	0.00162523917830809	Both
GOLGA6L17P	642402	-0.468571428571429	-0.822556390977444	0.00287690498460483	0.00162523917830809	Both
ATP5PD	10476	0.566836734693878	0.822556390977444	0.000161109324087007	0.00162523917830809	Both
MIR4444-1	100616394	-0.22	-0.821052631578947	0.213329293567633	0.00169083683153554	HD_only
NSA2	10412	0.725204081632653	0.821052631578947	1.5148841153892e-07	0.00169083683153554	Both
DNAJC12	56521	0.749285714285714	0.821052631578947	3.6021796192783e-08	0.00169083683153554	Both
ATP23	91419	0.710204081632653	0.821052631578947	3.45279957156493e-07	0.00169083683153554	Both
STARD7	56910	0.712551020408163	0.818045112781955	3.02586263272482e-07	0.00187127836154512	Both
PGRMC2	10424	0.814591836734694	0.818045112781955	2.83598065017342e-10	0.00187127836154512	Both
UQCRQ	27089	0.334591836734694	0.818045112781955	0.0449952168202086	0.00187127836154512	HD_only
SYNJ2BP-COX16	100529257	0.600102040816326	0.818045112781955	4.94562776525065e-05	0.00187127836154512	Both
LOC107984839	107984839	0.539285714285714	0.818045112781955	0.000397820453792473	0.00187127836154512	Both
CAMLG	819	0.782244897959184	0.816541353383459	3.98936566830105e-09	0.00198897590588266	Both
TIMM17A	10440	0.818877551020408	0.815037593984962	1.90615281673456e-10	0.00206857283689929	Both
MRPL22	29093	0.503061224489796	0.815037593984962	0.00115482691628202	0.00206857283689929	Both
LOC105370525	105370525	-0.605	-0.815037593984962	4.11167571161517e-05	0.00206857283689929	Both
ANAPC11	51529	0.111734693877551	0.815037593984962	0.558344874551149	0.00206857283689929	HD_only
NDUFA4	4697	0.774285714285714	0.813533834586466	7.12648701435233e-09	0.00216648893378656	Both
DUT	1854	0.672040816326531	0.813533834586466	2.39604326215756e-06	0.00216648893378656	Both
GET1	7485	0.573265306122449	0.813533834586466	0.000129058540973436	0.00216648893378656	Both
SEPTIN7P11	441601	-0.313775510204082	-0.813087684427798	0.0627975946415183	0.00218084198958075	HD_only
SNIP1	79753	0.196530612244898	0.81203007518797	0.272714144418422	0.00218084198958075	HD_only
ACYP2	98	0.608775510204082	0.81203007518797	3.5527037195006e-05	0.00218084198958075	Both
RFT1	91869	-0.667755102040816	-0.81203007518797	2.92046499116386e-06	0.00218084198958075	Both
HEG1	57493	-0.470816326530612	-0.81203007518797	0.00271882182915726	0.00218084198958075	Both
FAM174A	345757	0.71234693877551	0.81203007518797	3.05684779815462e-07	0.00218084198958075	Both
ADCK2	90956	0.291122448979592	0.81203007518797	0.0877727592297611	0.00218084198958075	HD_only
TMEM203	94107	0.601326530612245	0.81203007518797	4.71878908347579e-05	0.00218084198958075	Both
NABP2	79035	0.318367346938775	0.81203007518797	0.0585025549067729	0.00218084198958075	HD_only
CFAP91	89876	0.12734693877551	-0.810526315789474	0.498491551974903	0.00227066718299283	HD_only
PCGF3-AS1	100129917	-0.507142857142857	-0.810526315789474	0.00103435318737459	0.00227066718299283	Both
MRPS33	51650	0.614795918367347	0.810526315789474	2.81574603212002e-05	0.00227066718299283	Both
PAFAH1B2	5049	0.613979591836735	0.810526315789474	2.90874643913772e-05	0.00227066718299283	Both
C11orf65	160140	-0.273163265306122	-0.809022556390977	0.112246520529417	0.00237893401897531	HD_only
TOMM20L	387990	0.590612244897959	0.809022556390977	6.96903725225477e-05	0.00237893401897531	Both
CTXN2	399697	0.772959183673469	0.809022556390977	7.78185368291742e-09	0.00237893401897531	Both
MTR	4548	-0.518877551020408	-0.807518796992481	0.000735210409790008	0.00240438527489377	Both
JAGN1	84522	0.296734693877551	0.807518796992481	0.081038397679772	0.00240438527489377	HD_only
LOC105374071	105374071	-0.479081632653061	-0.807518796992481	0.00219007932255845	0.00240438527489377	Both
HMCES	56941	0.512755102040816	0.807518796992481	0.000883125303267562	0.00240438527489377	Both
GRPEL1	80273	0.685918367346939	0.807518796992481	1.20715474510339e-06	0.00240438527489377	Both
LAMTOR4	389541	-0.0966326530612245	0.807518796992481	0.617953408418556	0.00240438527489377	HD_only
VPS18	57617	-0.119081632653061	0.807518796992481	0.53002334245386	0.00240438527489377	HD_only
MRPL54	116541	0.154897959183673	0.807518796992481	0.399877586317885	0.00240438527489377	HD_only
C19orf12	83636	0.642448979591837	0.807518796992481	8.98556897412305e-06	0.00240438527489377	Both
LOC105376447	105376447	-0.482959183673469	-0.806015037593985	0.00198496120681072	0.00247679114995013	Both
LOC107984245	107984245	-0.180102040816327	-0.806015037593985	0.319616505985334	0.00247679114995013	HD_only
MRPL21	219927	0.294387755102041	0.806015037593985	0.0837857662964718	0.00247679114995013	HD_only
C15orf61	145853	0.531938775510204	0.806015037593985	0.000498635267444835	0.00247679114995013	Both
AP2S1	1175	0.459387755102041	0.806015037593985	0.00361728766246008	0.00247679114995013	Both
ZNF841	284371	-0.618265306122449	-0.806015037593985	2.45321575847529e-05	0.00247679114995013	Both
FAS-AS1	100302740	0.205327946265332	-0.804534030166567	0.249264963808359	0.00256694850718813	HD_only
UQCRH	7388	0.666836734693877	0.804511278195489	3.04149924075235e-06	0.00256694850718813	Both
NDUFS3	4722	0.446428571428571	0.804511278195489	0.00494252812694201	0.00256694850718813	Both
GOLGA6L3P	100133220	-0.582857142857143	-0.804511278195489	9.21778186188865e-05	0.00256694850718813	Both
TTC14	151613	0.286836734693878	-0.803007518796993	0.0931761815420339	0.00260524202140724	HD_only
SNORD143	106633808	0.00530612244897959	-0.803007518796993	0.980952566973153	0.00260524202140724	HD_only
BTN3A1	11119	-0.572857142857143	-0.803007518796993	0.000130778186757649	0.00260524202140724	Both
ZNF32	7580	0.254387755102041	0.803007518796993	0.142806875575054	0.00260524202140724	HD_only
TULP3	7289	-0.718673469387755	-0.803007518796993	2.15634329885206e-07	0.00260524202140724	Both
RFC5	5985	0.631632653061225	0.803007518796993	1.41075980985453e-05	0.00260524202140724	Both
RAB5C	5878	-0.491632653061224	-0.803007518796993	0.0015775221654169	0.00260524202140724	Both
TRAPPC2B	10597	0.746938775510204	0.803007518796993	4.12158008315695e-08	0.00260524202140724	Both
TCEAL1	9338	0.703163265306122	0.803007518796993	4.9904811556859e-07	0.00260524202140724	Both
MED18	54797	0.305816326530612	0.801503759398496	0.070752193058972	0.00271650337494166	HD_only
RAB4A	5867	0.804795918367347	0.801503759398496	6.61908510224218e-10	0.00271650337494166	Both
TRMT10C	54931	0.843673469387755	0.801503759398496	2.10221941650582e-11	0.00271650337494166	Both
LOC107984328	107984328	-0.165510204081633	-0.801503759398496	0.364719027286607	0.00271650337494166	HD_only
SOX7	83595	-0.28234693877551	-0.8	0.0990395092452794	0.00284653839643609	HD_only
HYDIN	54768	-0.49469387755102	-0.8	0.00145233818168802	0.00284653839643609	Both
CERK	64781	0.494591836734694	0.8	0.00145546197134547	0.00284653839643609	Both
TRIM45	80263	-0.573979591836735	-0.798496240601504	0.000125742255148088	0.00296719138999188	Both
RBM43	375287	-0.204795918367347	-0.798496240601504	0.25063815936904	0.00296719138999188	HD_only
PRKAG2-AS1	100505483	0.645408163265306	0.798496240601504	7.88771531635748e-06	0.00296719138999188	Both
WDR45	11152	0.111020408163265	0.798496240601504	0.561055542391097	0.00296719138999188	HD_only
GLIS3-AS2	107986989	-0.218679048006055	-0.797741528973791	0.216498875064584	0.00304456785124037	HD_only
RNF7	9616	0.54765306122449	0.796992481203008	0.000304503481934097	0.00304821739532021	Both
EIF2B5	8893	0.188163265306122	0.796992481203008	0.296229586688382	0.00304821739532021	HD_only
OCIAD2	132299	0.718673469387755	0.796992481203008	2.15634329885206e-07	0.00304821739532021	Both
CISD2	493856	0.710918367346939	0.796992481203008	3.31280593867984e-07	0.00304821739532021	Both
DTX2P1-UPK3BP1-PMS2P11	441263	-0.656224489795918	-0.796992481203008	4.93995468031751e-06	0.00304821739532021	Both
TMEM60	85025	0.648265306122449	0.796992481203008	6.99729917089037e-06	0.00304821739532021	Both
CCDC51	79714	0.0246938775510204	0.795488721804511	0.906370172235705	0.00314798655615931	HD_only
PSMA2	5683	0.661530612244898	0.795488721804511	3.85714767565279e-06	0.00314798655615931	Both
MUC12	10071	0.0328571428571429	0.795488721804511	0.87404244250538	0.00314798655615931	HD_only
DNAJC9-AS1	414245	-0.432040816326531	-0.795488721804511	0.00687019791789034	0.00314798655615931	Both
LOC100128494	100128494	-0.65	-0.795488721804511	6.50663656016406e-06	0.00314798655615931	Both
USF1	7391	0.226020408163265	0.793984962406015	0.199270056322574	0.00322279383392438	HD_only
MAIP1	79568	0.834591836734694	0.793984962406015	5.84958004533198e-11	0.00322279383392438	Both
SORCS2	57537	-0.61265306122449	-0.793984962406015	3.0572758128015e-05	0.00322279383392438	Both
AFF1-AS1	100506746	-0.594285714285714	-0.793984962406015	6.10987270137736e-05	0.00322279383392438	Both
GEMIN5	25929	-0.689591836734694	-0.793984962406015	1.00979251760521e-06	0.00322279383392438	Both
MAT2B	27430	0.866428571428571	0.793984962406015	1.66971982034644e-12	0.00322279383392438	Both
LNCEGFL7OS	101928612	-0.265155951032639	0.793984962406015	0.124594751562187	0.00322279383392438	HD_only
RSL24D1	51187	0.84265306122449	0.793984962406015	2.27822842350739e-11	0.00322279383392438	Both
GBP1	2633	0.0526530612244898	-0.792481203007519	0.794444204009932	0.00331639028212232	HD_only
DNTTIP2	30836	0.616938775510204	0.792481203007519	2.57505307129352e-05	0.00331639028212232	Both
SNHG33	100505687	0.78265306122449	0.792481203007519	3.95210382918634e-09	0.00331639028212232	Both
MIR6717	102465428	-0.83234693877551	-0.792481203007519	6.77901103201933e-11	0.00331639028212232	Both
MFAP1	4236	0.750204081632653	0.792481203007519	3.36686907836078e-08	0.00331639028212232	Both
TMEM199	147007	0.404183673469388	0.792481203007519	0.0124552625071709	0.00331639028212232	Both
ATP5F1E	514	0.380408163265306	0.792481203007519	0.0199447932302272	0.00331639028212232	HD_only
MRPS7	51081	0.643367346938775	0.790977443609023	8.65204159684685e-06	0.00348782428996008	Both
ZNF714	148206	-0.135714285714286	-0.790977443609023	0.467458571608372	0.00348782428996008	HD_only
RBM15	64783	0.275612244897959	0.789473684210526	0.108581814083073	0.00363559638992455	HD_only
PCDHB5	26167	-0.252448979591837	-0.789473684210526	0.146132173324683	0.00363559638992455	HD_only
UBAP2	55833	-0.678061224489796	-0.789473684210526	1.81406975893216e-06	0.00363559638992455	Both
POMP	51371	0.63969387755102	0.789473684210526	1.0106669287218e-05	0.00363559638992455	Both
PIGY	84992	0.686122448979592	0.78796992481203	1.1941047795701e-06	0.0037421856183108	Both
PYURF	100996939	0.688061224489796	0.78796992481203	1.07961488437296e-06	0.0037421856183108	Both
MTRES1	51250	0.416734693877551	0.78796992481203	0.00962532297543415	0.0037421856183108	Both
CLP1	10978	0.329081632653061	0.78796992481203	0.0492545380950088	0.0037421856183108	HD_only
ZNF710	374655	-0.696326530612245	-0.78796992481203	7.1191096255585e-07	0.0037421856183108	Both
PSMC5	5705	-0.0129591836734694	0.78796992481203	0.952081266884051	0.0037421856183108	HD_only
UBL5	59286	0.397959183673469	0.78796992481203	0.014098975965363	0.0037421856183108	HD_only
DGUOK	1716	0.384285714285714	0.786466165413534	0.0185180008854148	0.00388441405052912	HD_only
ABRACL	58527	0.705510204081633	0.786466165413534	4.39057628206624e-07	0.00388441405052912	Both
DYNLL1	8655	0.439897959183673	0.786466165413534	0.00573557812451812	0.00388441405052912	Both
NDUFAF1	51103	0.711428571428571	0.786466165413534	3.22750985735997e-07	0.00388441405052912	Both
KLC3	147700	-0.104897959183673	0.786466165413534	0.585781056608831	0.00388441405052912	HD_only
SNORD144	106633809	-0.0783052679867442	-0.786145469845401	0.69165870732872	0.00391646043662027	HD_only
MIR3916	100500849	-0.301255231694227	-0.786009833697548	0.0758151280752882	0.0039210170915849	HD_only
ZNF827	152485	-0.356632653061224	-0.784962406015038	0.0308775991071207	0.00398462314546113	HD_only
NDUFAF2	91942	0.810612244897959	0.784962406015038	3.94759678812289e-10	0.00398462314546113	Both
MDC1	9656	-0.782551020408163	-0.784962406015038	3.95210382918634e-09	0.00398462314546113	Both
IQUB	154865	0.0721428571428571	-0.784962406015038	0.716196994370296	0.00398462314546113	HD_only
NUSAP1	51203	-0.013469387755102	-0.784962406015038	0.95039758951746	0.00398462314546113	HD_only
NDUFAB1	4706	0.864489795918367	0.784962406015038	1.86146354842767e-12	0.00398462314546113	Both
COP1	64326	0.820612244897959	0.783458646616541	1.67104324914585e-10	0.00416854600729446	Both
DPY30	84661	0.468571428571429	0.783458646616541	0.00287690498460483	0.00416854600729446	Both
SP2	6668	-0.843163265306122	-0.783458646616541	2.18772378582457e-11	0.00416854600729446	Both
FAM222A-AS1	84983	-0.570058172169361	-0.783001183616409	0.000144108819899908	0.0042244889456894	Both
TIMM9	26520	0.668061224489796	0.781954887218045	2.89272005132098e-06	0.00435963352111716	Both
ZNF17	7565	-0.240918367346939	-0.781954887218045	0.16783265677434	0.00435963352111716	HD_only
VSTM2A-OT1	285878	0.713775510204081	0.780451127819549	2.8389793052524e-07	0.00457537415960533	Both
PDRG1	81572	0.198469387755102	0.780451127819549	0.267416313512929	0.00457537415960533	HD_only
LOC105372431	105372431	-0.60030612244898	-0.779240371014985	4.90744768817952e-05	0.0047289087887965	Both
FBXW8	26259	-0.83030612244898	-0.778947368421053	7.76115134755053e-11	0.0047289087887965	Both
TM2D3	80213	0.736734693877551	0.778947368421053	7.69054584119199e-08	0.0047289087887965	Both
LOC105372244	105372244	0.421326530612245	0.778947368421053	0.00872019356118936	0.0047289087887965	Both
GID8	54994	0.295816326530612	0.778947368421053	0.0820765217107971	0.0047289087887965	HD_only
SMIM11	54065	0.587040816326531	0.778947368421053	7.93870299031891e-05	0.0047289087887965	Both
C1orf43	25912	0.441428571428571	0.777443609022556	0.0055478499467367	0.0048703084693491	Both
MED10	84246	0.661326530612245	0.777443609022556	3.8859537535445e-06	0.0048703084693491	Both
ABHD16A	7920	0.166428571428571	0.777443609022556	0.361757421969059	0.0048703084693491	HD_only
SDHAF2	54949	0.515204081632653	0.777443609022556	0.000819703271985771	0.0048703084693491	Both
PSMB6	5694	0.167551020408163	0.777443609022556	0.358157810391525	0.0048703084693491	HD_only
MAP3K14-AS1	100133991	-0.116122448979592	-0.777443609022556	0.541367630363454	0.0048703084693491	HD_only
TOB1-AS1	400604	0.49265306122449	0.777443609022556	0.00153287559664037	0.0048703084693491	Both
PIAS3	10401	-0.724591836734694	-0.77593984962406	1.57140673882326e-07	0.0049646162969549	Both
AAMP	14	-0.123061224489796	0.77593984962406	0.514844894109972	0.0049646162969549	HD_only
KLHDC3	116138	0.475	0.77593984962406	0.00243530858467148	0.0049646162969549	Both
WIPI2	26100	0.46765306122449	0.77593984962406	0.00294520839567566	0.0049646162969549	Both
NSUN5	55695	-0.103877551020408	0.77593984962406	0.58972695847265	0.0049646162969549	HD_only
MIR671	768213	0.138775510204082	0.77593984962406	0.456531448990385	0.0049646162969549	HD_only
COPS5	10987	0.746224489795918	0.77593984962406	4.33499624623436e-08	0.0049646162969549	Both
ATG101	60673	0.504897959183673	0.77593984962406	0.00109899071908942	0.0049646162969549	Both
MRPL46	26589	0.646530612244898	0.77593984962406	7.53709838726474e-06	0.0049646162969549	Both
CYLD-AS1	102724907	-0.112451848298027	-0.77593984962406	0.55580882622977	0.0049646162969549	HD_only
LOC102723543	102723543	-0.549197683793088	-0.774436090225564	0.000290727841343132	0.00508193865181635	Both
WRNIP1	56897	0.379183673469388	0.774436090225564	0.0204151277129774	0.00508193865181635	HD_only
UQCC2	84300	0.048469387755102	0.774436090225564	0.811793100482802	0.00508193865181635	HD_only
CYCS	54205	0.809795918367347	0.774436090225564	4.28471496424946e-10	0.00508193865181635	Both
MRPS17	51373	0.662551020408163	0.774436090225564	3.68310988794333e-06	0.00508193865181635	Both
MKRN1	23608	0.702857142857143	0.774436090225564	5.06419980170841e-07	0.00508193865181635	Both
LOC105369755	105369755	-0.496122448979592	-0.774436090225564	0.00139714456639632	0.00508193865181635	Both
DDX11L16	727856	-0.0795918367346939	0.774436090225564	0.686550656788647	0.00508193865181635	HD_only
NT5C1B-RDH14	100526794	0.686938775510204	0.772932330827068	1.14322235857808e-06	0.00518773496740395	Both
RDH14	57665	0.672755102040816	0.772932330827068	2.32260923152308e-06	0.00518773496740395	Both
MREG	55686	0.531020408163265	0.772932330827068	0.000510670869466615	0.00518773496740395	Both
CENPW	387103	0.454285714285714	0.772932330827068	0.00410807002913592	0.00518773496740395	Both
TMX2-CTNND1	100528016	-0.188979591836735	-0.772932330827068	0.293936987653689	0.00518773496740395	HD_only
SNORA40	677822	0.280612244897959	-0.772932330827068	0.101524136258043	0.00518773496740395	HD_only
DNAAF2	55172	0.599285714285714	0.772932330827068	5.07955587660043e-05	0.00518773496740395	Both
SNX11	29916	-0.0076530612244898	0.772932330827068	0.972140809339858	0.00518773496740395	HD_only
COX7A1	1346	0.0970408163265306	0.772932330827068	0.616624795207431	0.00518773496740395	HD_only
NDUFA1	4694	0.318469387755102	0.772932330827068	0.0584158607454731	0.00518773496740395	HD_only
LINC01786	101928895	-0.541020408163265	-0.771428571428571	0.000376210402702161	0.00540184871323945	Both
BAG1	573	0.244591836734694	0.771428571428571	0.160498136924028	0.00540184871323945	HD_only
UQCC4	283951	0.646122448979592	0.771428571428571	7.65423274377971e-06	0.00540184871323945	Both
SNRPB2	6629	0.570714285714286	0.771428571428571	0.000140993406853716	0.00540184871323945	Both
ERICH4	100170765	-0.381941774430356	-0.77093959108599	0.0193687552047829	0.00541652168894077	HD_only
TUT4	23318	-0.665816326530612	-0.769924812030075	3.18844912211008e-06	0.00541652168894077	Both
SELE	6401	-0.0335748547518295	-0.769924812030075	0.871068765117154	0.00541652168894077	HD_only
PIGC	5279	0.417959183673469	0.769924812030075	0.00937730365691828	0.00541652168894077	Both
METTL5	29081	0.694489795918367	0.769924812030075	7.79584810219888e-07	0.00541652168894077	Both
MRPL44	65080	0.729183673469388	0.769924812030075	1.19137889096498e-07	0.00541652168894077	Both
COX7A2	1347	0.622142857142857	0.769924812030075	2.10830706420109e-05	0.00541652168894077	Both
COG5	10466	0.0874489795918367	-0.769924812030075	0.654917003375019	0.00541652168894077	HD_only
C9orf40	55071	0.816632653061224	0.769924812030075	2.34036718284408e-10	0.00541652168894077	Both
HIKESHI	51501	0.593571428571429	0.769924812030075	6.26160700277226e-05	0.00541652168894077	Both
NTHL1	4913	-0.0298979591836735	0.769924812030075	0.886063099306244	0.00541652168894077	HD_only
HAPSTR1	29035	0.653877551020408	0.769924812030075	5.48838939162609e-06	0.00541652168894077	Both
PLEKHJ1	55111	0.191428571428571	0.769924812030075	0.286996122756372	0.00541652168894077	HD_only
MIR3940	100500888	-0.411020408163265	-0.769924812030075	0.0108637298847693	0.00541652168894077	Both
KCNJ4	3761	0.33234693877551	0.769924812030075	0.0466756954952597	0.00541652168894077	HD_only
UBL4A	8266	0.565612244897959	0.769924812030075	0.000167734351747998	0.00541652168894077	Both
ODR4	54953	-0.422551020408163	-0.768421052631579	0.00847507089119596	0.0056230939930233	Both
VHL	7428	0.256326530612245	0.768421052631579	0.139421897142458	0.0056230939930233	HD_only
PSMG3	84262	0.437448979591837	0.768421052631579	0.00606387292556135	0.0056230939930233	Both
RANBP10	57610	-0.676836734693878	-0.768421052631579	1.92986307441001e-06	0.0056230939930233	Both
PABIR3	159091	-0.324081632653061	-0.768421052631579	0.0534323042601419	0.0056230939930233	HD_only
LINC01772	107984921	-0.601632653061224	-0.766917293233083	4.66407237214032e-05	0.00575105660468769	Both
BCAN-AS1	105371453	-0.689285714285714	-0.766917293233083	1.02552711797718e-06	0.00575105660468769	Both
DELE1	9812	-0.673673469387755	-0.766917293233083	2.22079019220854e-06	0.00575105660468769	Both
GARS1-DT	401320	-0.236632653061224	-0.766917293233083	0.176321851147819	0.00575105660468769	HD_only
NDUFA8	4702	0.512244897959184	0.766917293233083	0.000895635907719114	0.00575105660468769	Both
ANKLE2	23141	0.213979591836735	0.766917293233083	0.227553583978907	0.00575105660468769	HD_only
BTBD6	90135	0.281938775510204	0.766917293233083	0.0995582547669564	0.00575105660468769	HD_only
CNTD1	124817	0.764285714285714	0.766917293233083	1.32345094288286e-08	0.00575105660468769	Both
MYO15B	80022	-0.741530612244898	-0.766917293233083	5.82075720493512e-08	0.00575105660468769	Both
SOD1	6647	0.691122448979592	0.766917293233083	9.33629873004173e-07	0.00575105660468769	Both
DAAM2-AS1	100505635	-0.674081632653061	-0.765413533834587	2.18159393361254e-06	0.00593549595756593	Both
SNORD5	692072	0.457551020408163	-0.765413533834587	0.00378644771879171	0.00593549595756593	Both
LOC105371099	105371099	0.368367346938775	0.765413533834587	0.0250558748189404	0.00593549595756593	HD_only
LOC102723728	102723728	0.565612244897959	0.765413533834587	0.000167734351747998	0.00593549595756593	Both
MRPL27	51264	0.0976530612244898	0.765413533834587	0.614419150091499	0.00593549595756593	HD_only
LOC101928415	101928415	-0.295816326530612	-0.765413533834587	0.0820765217107971	0.00593549595756593	HD_only
MED14	9282	-0.381632653061224	-0.765413533834587	0.0194859866487218	0.00593549595756593	HD_only
SELENON	57190	-0.691734693877551	-0.76390977443609	9.05094944623826e-07	0.00610883120436074	Both
CCDC18-AS1	100131564	-0.490510204081633	-0.76390977443609	0.0016246211232422	0.00610883120436074	Both
TBCC	6903	0.453367346938775	0.76390977443609	0.00419774319744395	0.00610883120436074	Both
NFKBIE	4794	0.238367346938775	0.76390977443609	0.172912358813625	0.00610883120436074	HD_only
TMEM14A	28978	0.812244897959184	0.76390977443609	3.41360814800663e-10	0.00610883120436074	Both
BDNF-AS	497258	-0.338163265306122	-0.76390977443609	0.0423838527311194	0.00610883120436074	HD_only
KRBA2	124751	-0.586122448979592	-0.76390977443609	8.20556981747552e-05	0.00610883120436074	Both
NKAPP1	158801	-0.128571428571429	-0.76390977443609	0.493977916490867	0.00610883120436074	HD_only
CCK	885	0.688469387755102	0.762406015037594	1.06325257493558e-06	0.00630540563612165	Both
LOC105369194	105369194	-0.386020408163265	-0.762406015037594	0.017917094140629	0.00630540563612165	HD_only
LINC01000	402483	-0.764387755102041	-0.762406015037594	1.32345094288286e-08	0.00630540563612165	Both
NUDT14	256281	0.115714285714286	0.762406015037594	0.542856863900588	0.00630540563612165	HD_only
C16orf92	146378	0.256224489795918	0.762406015037594	0.139570965835031	0.00630540563612165	HD_only
ZNF606-AS1	100128398	-0.479081632653061	-0.762406015037594	0.00219007932255845	0.00630540563612165	Both
KCNJ6	3763	0.232040816326531	0.762406015037594	0.185940231972568	0.00630540563612165	HD_only
COL4A3	1285	0.293469387755102	-0.760902255639098	0.0848945445944791	0.00649081071756837	HD_only
CHCHD4	131474	0.508979591836735	0.760902255639098	0.000982851865018402	0.00649081071756837	Both
POLB	5423	0.655408163265306	0.760902255639098	5.13856608414469e-06	0.00649081071756837	Both
SLC10A5	347051	0.338367346938775	0.760902255639098	0.0422339474134703	0.00649081071756837	HD_only
AVPI1	60370	0.383877551020408	0.760902255639098	0.0186576239506094	0.00649081071756837	HD_only
FBXL12	54850	-0.704591836734694	-0.760902255639098	4.59925001795884e-07	0.00649081071756837	Both
KDELR3	11015	0.373571428571428	0.760902255639098	0.0227279831679452	0.00649081071756837	HD_only
ASMT	438	-0.479081632653061	-0.760902255639098	0.00219007932255845	0.00649081071756837	Both
CCDC191	57577	-0.191734693877551	-0.759398496240602	0.286113608822951	0.00671781948928072	HD_only
GLRX	2745	0.717755102040816	0.759398496240602	2.28184051550224e-07	0.00671781948928072	Both
KHDC1	80759	0.481734693877551	0.759398496240602	0.00204683023965829	0.00671781948928072	Both
GOLGA8Q	727909	-0.526224489795918	-0.759398496240602	0.000590753383593344	0.00671781948928072	Both
INO80C	125476	0.383061224489796	0.759398496240602	0.0189440238724664	0.00671781948928072	HD_only
MID1IP1-AS1	100874211	-0.684387755102041	-0.759398496240602	1.30468090422162e-06	0.00671781948928072	Both
ADAMTSL4-AS2	100289061	-0.394183673469388	-0.757894736842105	0.0152410970233158	0.00689802483523527	HD_only
TMEM183A	92703	0.679591836734694	0.757894736842105	1.67638574122017e-06	0.00689802483523527	Both
CTBP1-AS	285463	-0.444591836734694	0.757894736842105	0.00515746698950502	0.00689802483523527	Both
ANXA2R-AS1	153684	-0.531428571428571	-0.757894736842105	0.00050531354875634	0.00689802483523527	Both
TSPAN17	26262	0.339081632653061	0.757894736842105	0.0417457408697018	0.00689802483523527	HD_only
FAM245B	102724643	0.228673469387755	-0.757894736842105	0.193251919070919	0.00689802483523527	HD_only
ME2	4200	0.0341836734693878	-0.757894736842105	0.86870578485085	0.00689802483523527	HD_only
LENG8-AS1	104355426	-0.695918367346939	-0.757894736842105	7.2794405317885e-07	0.00689802483523527	Both
COQ8A	56997	-0.181224489795918	0.756390977443609	0.316183441629882	0.00704873804084918	HD_only
RHOQ-AS1	100506142	-0.469756881705961	-0.756390977443609	0.00279371644538018	0.00704873804084918	Both
RESP18	389075	0.133880966394748	0.756390977443609	0.474235887978417	0.00704873804084918	HD_only
LOC105373945	105373945	-0.374489795918367	-0.756390977443609	0.0223469183075043	0.00704873804084918	HD_only
BHLHE22	27319	0.636428571428571	0.756390977443609	1.15892551376684e-05	0.00704873804084918	Both
IL33	90865	-0.18265306122449	-0.756390977443609	0.311897398260822	0.00704873804084918	HD_only
ZNF32-AS1	414197	0.330408163265306	0.756390977443609	0.0481705302731294	0.00704873804084918	HD_only
SERGEF	26297	0.38765306122449	0.756390977443609	0.0173560544150771	0.00704873804084918	HD_only
KCTD21-AS1	100289388	-0.138775510204082	-0.756390977443609	0.456531448990385	0.00704873804084918	HD_only
CA4	762	0.468265306122449	0.756390977443609	0.00289951426727371	0.00704873804084918	Both
LOC112268269	112268269	-0.33	-0.756390977443609	0.0485001912875836	0.00704873804084918	HD_only
TOMM20L-DT	105370522	-0.348096746378391	-0.755171170365873	0.0358496035245954	0.00722348179517642	HD_only
GEMIN6	79833	0.405204081632653	0.754887218045113	0.0122048750177437	0.00722348179517642	Both
MRFAP1	93621	0.635714285714286	0.754887218045113	1.19485456155867e-05	0.00722348179517642	Both
ZNF789	285989	-0.672244897959184	-0.754887218045113	2.37857247894889e-06	0.00722348179517642	Both
C8orf76	84933	0.676938775510204	0.754887218045113	1.92130081664467e-06	0.00722348179517642	Both
NDUFAF5	79133	0.761326530612245	0.754887218045113	1.62736099877255e-08	0.00722348179517642	Both
SLITRK4	139065	0.11765306122449	0.754887218045113	0.535385221214851	0.00722348179517642	HD_only
EOLA2-DT	100272228	-0.554897959183673	-0.754887218045113	0.000241205737299935	0.00722348179517642	Both
GRPEL2-AS1	106144529	-0.27	-0.754419007845589	0.117026943942832	0.00731687485549838	HD_only
KDF1	126695	-0.229489795918367	0.753383458646616	0.191343205686336	0.00745814598741146	HD_only
CCDC18	343099	-0.325408163265306	-0.753383458646616	0.0522789634618998	0.00745814598741146	HD_only
POLR2H	5437	-0.0224489795918367	0.753383458646616	0.914863563573058	0.00745814598741146	HD_only
THBS4	7060	-0.18969387755102	-0.753383458646616	0.292035188826399	0.00745814598741146	HD_only
MOB2	81532	-0.0738775510204082	0.753383458646616	0.709188270521594	0.00745814598741146	HD_only
MORF4L1	10933	0.822448979591837	0.753383458646616	1.43251632888324e-10	0.00745814598741146	Both
GBP7	388646	-0.0905102040816327	-0.75187969924812	0.642569290552708	0.00773678145755548	HD_only
MBLAC1	255374	0.209897959183673	0.75187969924812	0.23771168440291	0.00773678145755548	HD_only
PIH1D2	120379	0.789591836734694	0.75187969924812	2.394107711974e-09	0.00773678145755548	Both
MIR5006	100847026	-0.140204081632653	-0.75187969924812	0.45147565749997	0.00773678145755548	HD_only
RABAC1	10567	0.000204081632653061	0.75187969924812	0.999133470711356	0.00773678145755548	HD_only
ARPC1A	10552	0.607448979591837	0.750375939849624	3.74144760624285e-05	0.00798661115855582	Both
ZMIZ1	57178	-0.576836734693878	-0.750375939849624	0.000113682437213594	0.00798661115855582	Both
LOC101928847	101928847	-0.317244897959184	-0.750375939849624	0.0595451553510213	0.00798661115855582	HD_only
LINC00444	107984570	0.351632653061224	0.750375939849624	0.0337124361548322	0.00798661115855582	HD_only
FKBP3	2287	0.794081632653061	0.750375939849624	1.66738827344543e-09	0.00798661115855582	Both
SENP3	26168	0.215510204081633	0.750375939849624	0.223892112239808	0.00798661115855582	HD_only
PPP2R3C	55012	0.634897959183673	0.748872180451128	1.23507365758465e-05	0.0082822633509876	Both
GABARAPL2	11345	0.642244897959184	0.748872180451128	9.05739309939196e-06	0.0082822633509876	Both
LOC105372480	105372480	0.480816326530612	0.748872180451128	0.00209570618755181	0.0082822633509876	Both
LOC286437	286437	-0.700816326530612	-0.748872180451128	5.60581106256524e-07	0.0082822633509876	Both
FRMD7	90167	0.585408163265306	0.748872180451128	8.42339949908637e-05	0.0082822633509876	Both
LOC107984988	107984988	-0.613523878100425	-0.748684575914854	2.95595492391519e-05	0.00831254999560082	Both
PPP1CB-DT	112267877	-0.443367346938775	-0.747368421052632	0.00530908850069245	0.00852852687284527	Both
ELOVL4	6785	0.750714285714286	0.747368421052632	3.26990809733411e-08	0.00852852687284527	Both
PNISR-AS1	101927365	-0.16234693877551	-0.747368421052632	0.375057999085779	0.00852852687284527	HD_only
GATAD1	57798	-0.334081632653061	-0.747368421052632	0.0453952049387977	0.00852852687284527	HD_only
PSMB5	5693	0.42530612244898	0.747368421052632	0.0079818398098289	0.00852852687284527	Both
DCAF5	8816	-0.353367346938775	-0.747368421052632	0.0326834736133024	0.00852852687284527	HD_only
LINC02192	100507534	0.666938775510204	0.747368421052632	3.03029019131076e-06	0.00852852687284527	Both
COA6	388753	0.661122448979592	0.745864661654135	3.92304019682953e-06	0.0087821932254362	Both
ATP5MC3	518	0.830714285714286	0.745864661654135	7.51662535807433e-11	0.0087821932254362	Both
DHX30	22907	-0.38969387755102	0.745864661654135	0.0166664446965439	0.0087821932254362	HD_only
NCBP2-AS1	100874001	-0.00928571428571428	-0.745864661654135	0.965615065155539	0.0087821932254362	HD_only
AMFR	267	-0.0996938775510204	0.745864661654135	0.605968762750591	0.0087821932254362	HD_only
XAF1	54739	-0.296632653061224	-0.745864661654135	0.0811648364261786	0.0087821932254362	HD_only
UQCRFS1	7386	0.811734693877551	0.745864661654135	3.58107836693395e-10	0.0087821932254362	Both
ERVK3-1	105372481	0.619081632653061	0.745864661654135	2.37613581412881e-05	0.0087821932254362	Both
PARK7	11315	0.520714285714286	0.744360902255639	0.000696081898592177	0.00898417838719665	Both
DNALI1	7802	-0.413775510204082	-0.744360902255639	0.0102480042976968	0.00898417838719665	Both
CIAO1	9391	0.532959183673469	0.744360902255639	0.000484709310235437	0.00898417838719665	Both
TMEM183BP	653659	0.292551020408163	0.744360902255639	0.086051143434821	0.00898417838719665	HD_only
PDCD6	10016	0.573469387755102	0.744360902255639	0.000128125998780806	0.00898417838719665	Both
AMZ1	155185	-0.488469387755102	-0.744360902255639	0.00171958312447979	0.00898417838719665	Both
RRP12	23223	-0.013265306122449	0.744360902255639	0.951095240385778	0.00898417838719665	HD_only
VCPKMT	79609	0.714489795918367	0.744360902255639	2.72667622093604e-07	0.00898417838719665	Both
NRSN2-AS1	100507459	-0.314795918367347	-0.744360902255639	0.0618563956574328	0.00898417838719665	HD_only
LOC105373156	105373156	-0.211734693877551	-0.744360902255639	0.233181863143399	0.00898417838719665	HD_only
TCEAL8	90843	0.685102040816326	0.744360902255639	1.25386480764684e-06	0.00898417838719665	Both
OR5AK4P	219525	-0.140468410381316	-0.742923183408712	0.450562297930142	0.00921285620084253	HD_only
SNRPE	6635	0.617857142857143	0.742857142857143	2.48870921480032e-05	0.00921285620084253	Both
COPS9	150678	0.29	0.742857142857143	0.0892243531971597	0.00921285620084253	HD_only
LOC107986058	107986058	-0.505204081632653	-0.742857142857143	0.00109000440801849	0.00921285620084253	Both
CFAP418	157657	-0.363673469387755	-0.742857142857143	0.0272428339874576	0.00921285620084253	HD_only
LOC100652999	100652999	-0.640918367346939	-0.742857142857143	9.58344977912851e-06	0.00921285620084253	Both
UQCC6	728568	0.69265306122449	0.742857142857143	8.61275694870205e-07	0.00921285620084253	Both
WASH5P	375690	-0.660714285714286	-0.742857142857143	3.99822317283338e-06	0.00921285620084253	Both
ANO8	57719	-0.595612244897959	-0.742857142857143	5.83493387345243e-05	0.00921285620084253	Both
GARRE1	9710	-0.684183673469388	-0.742857142857143	1.31650348151562e-06	0.00921285620084253	Both
MAP3K19	80122	-0.0198979591836735	-0.742384407521033	0.925450460504448	0.00932867089440566	HD_only
RBM5	10181	-0.437448979591837	-0.741353383458647	0.00606387292556135	0.00944872247332909	Both
LYRM4	57128	0.738775510204082	0.741353383458647	6.86420159201841e-08	0.00944872247332909	Both
LRRCC1	85444	-0.242959183673469	-0.741353383458647	0.163848227246618	0.00944872247332909	HD_only
PSMA1	5682	0.852142857142857	0.741353383458647	7.71003397574301e-12	0.00944872247332909	Both
CSTF3	1479	0.574795918367347	0.741353383458647	0.000122486814354569	0.00944872247332909	Both
ENOX1	55068	0.46234693877551	0.741353383458647	0.00336645991941929	0.00944872247332909	Both
IDH2-DT	105370966	-0.446020408163265	-0.741353383458647	0.00498797187991112	0.00944872247332909	Both
ZNF843	283933	-0.442244897959184	-0.741353383458647	0.00544423113210823	0.00944872247332909	Both
LOC105371795	105371795	-0.148571428571429	0.741353383458647	0.421751670966957	0.00944872247332909	HD_only
LOC107985876	107985876	-0.564123519258202	-0.741137352367325	0.000176282904949075	0.00949184768067195	Both
MCCC2	64087	-0.685816326530612	-0.73984962406015	1.21040471394551e-06	0.00973176595275761	Both
LSM5	23658	0.551326530612245	0.73984962406015	0.000270359474369312	0.00973176595275761	Both
SVIL-AS1	102724316	0.267040816326531	-0.73984962406015	0.121613642567508	0.00973176595275761	HD_only
BMS1P4-AGAP5	113939925	-0.762755102040816	-0.73984962406015	1.46502459670631e-08	0.00973176595275761	Both
KPNB1-DT	112268184	0.864897959183673	0.73984962406015	1.85838615659371e-12	0.00973176595275761	Both
GZF1	64412	0.754591836734694	0.73984962406015	2.56699903258129e-08	0.00973176595275761	Both
PCDHGB2	56103	-0.66704081632653	-0.738345864661654	3.01690219663388e-06	0.0100636927605871	Both
DNAJC2	27000	0.748673469387755	0.738345864661654	3.70339798091361e-08	0.0100636927605871	Both
LOC105376392	105376392	0.58265306122449	0.738345864661654	9.28026494239335e-05	0.0100636927605871	Both
MYH7	4625	-0.061734693877551	0.738345864661654	0.758584348218242	0.0100636927605871	HD_only
C17orf75	64149	0.578163265306122	0.738345864661654	0.000108637054597943	0.0100636927605871	Both
SLC35B1	10237	0.507142857142857	0.738345864661654	0.00103435318737459	0.0100636927605871	Both
CENPS	378708	0.68765306122449	0.736842105263158	1.10038325745171e-06	0.0103019192553309	Both
OXSM	54995	0.39030612244898	0.736842105263158	0.0164598297313803	0.0103019192553309	HD_only
ABHD10	55347	0.736326530612245	0.736842105263158	7.85864647660891e-08	0.0103019192553309	Both
DAAM2	23500	-0.624081632653061	-0.736842105263158	1.93787975883773e-05	0.0103019192553309	Both
LOC107986785	107986785	-0.268469387755102	-0.736842105263158	0.119365474859505	0.0103019192553309	HD_only
ADD3-AS1	100505933	-0.642244897959184	-0.736842105263158	9.05739309939196e-06	0.0103019192553309	Both
ING4	51147	-0.0278571428571429	0.736842105263158	0.893507962796097	0.0103019192553309	HD_only
TMEM220-AS1	101101775	-0.479489795918367	-0.736842105263158	0.00217067997034825	0.0103019192553309	Both
TTLL6	284076	-0.332551020408163	-0.736842105263158	0.0465269720756851	0.0103019192553309	HD_only
NARF	26502	0.103775510204082	0.736842105263158	0.590145642562264	0.0103019192553309	HD_only
LOC105374127	105374127	0.0348457335945251	-0.73644661830345	0.865758376895766	0.0104047548878305	HD_only
USP4	7375	-0.441938775510204	-0.735338345864662	0.00548485308412725	0.0105068046075912	Both
RMND5B	64777	0.256020408163265	0.735338345864662	0.139890476271617	0.0105068046075912	HD_only
MIGA2	84895	-0.306326530612245	0.735338345864662	0.0701863491810806	0.0105068046075912	HD_only
FADS1	3992	-0.502551020408163	-0.735338345864662	0.00117153513550952	0.0105068046075912	Both
SLC39A5	283375	-0.16	0.735338345864662	0.38297970067921	0.0105068046075912	HD_only
ALDH1L2	160428	0.132755102040816	-0.735338345864662	0.478287248764314	0.0105068046075912	HD_only
FBXO31	79791	0.0287755102040816	0.735338345864662	0.89009748701058	0.0105068046075912	HD_only
PHF23	79142	0.32265306122449	0.735338345864662	0.0546524203009363	0.0105068046075912	HD_only
LINC00674	100499466	-0.784081632653061	-0.735338345864662	3.55881676273088e-09	0.0105068046075912	Both
ZNF730	100129543	-0.331539069982115	-0.735338345864662	0.0473018500698453	0.0105068046075912	HD_only
ZNF337-AS1	102724826	-0.508367346938775	-0.735338345864662	0.00099862463922085	0.0105068046075912	Both
TNR	7143	-0.182040816326531	-0.733834586466166	0.31381970323869	0.0108631582453773	HD_only
C1D	10438	0.75469387755102	0.733834586466166	2.56699903258129e-08	0.0108631582453773	Both
RPL26L1	51121	0.623673469387755	0.733834586466166	1.97177382416737e-05	0.0108631582453773	Both
STX17	55014	-0.0338775510204082	-0.733834586466166	0.869755794948282	0.0108631582453773	HD_only
CLPB	81570	-0.0274489795918367	0.733834586466166	0.895191475827177	0.0108631582453773	HD_only
HORMAD2-AS1	101929664	-0.0737755102040816	-0.733834586466166	0.709622025199859	0.0108631582453773	HD_only
RDH10-AS1	101926926	-0.307803143516833	-0.733358457277616	0.0686273521442589	0.0109970109664613	HD_only
SPICE1	152185	0.408571428571429	-0.732330827067669	0.011399535539952	0.01122980923029	Both
RNF8	9025	0.764387755102041	0.732330827067669	1.32345094288286e-08	0.01122980923029	Both
ADAT2	134637	0.091530612244898	-0.732330827067669	0.638577524436905	0.01122980923029	HD_only
ZNF737	100129842	-0.0587755102040816	-0.732330827067669	0.77073880127639	0.01122980923029	HD_only
ZNF8-ERVK3-1	108903150	0.573979591836735	0.732330827067669	0.000125742255148088	0.01122980923029	Both
OPRD1	4985	0.31969387755102	0.730827067669173	0.0572667092246894	0.0115206916833621	HD_only
NAV1	89796	-0.643163265306122	-0.730827067669173	8.72620974095959e-06	0.0115206916833621	Both
KLF7	8609	-0.504285714285714	-0.730827067669173	0.00111693766255792	0.0115206916833621	Both
TM4SF19-DYNLT2B	100534611	0.799081632653061	0.730827067669173	1.08207112526991e-09	0.0115206916833621	Both
PLPP7	84814	0.131836734693878	0.730827067669173	0.481851812634311	0.0115206916833621	HD_only
SPX	80763	-0.305102040816326	-0.730827067669173	0.0715126472967675	0.0115206916833621	HD_only
NDUFA12	55967	0.636020408163265	0.730827067669173	1.17799332714277e-05	0.0115206916833621	Both
HAGH	3029	0.323163265306122	0.730827067669173	0.0541567854912731	0.0115206916833621	HD_only
RANGAP1	5905	0.0735714285714286	0.730827067669173	0.710422890152152	0.0115206916833621	HD_only
CDC42SE1	56882	-0.560408163265306	-0.729323308270677	0.000200266935511221	0.0117129539668054	Both
NCSTN	23385	-0.706632653061224	-0.729323308270677	4.1539389735875e-07	0.0117129539668054	Both
FOXP1	27086	0.403061224489796	0.729323308270677	0.0127389183247478	0.0117129539668054	Both
MRPL1	65008	0.759387755102041	0.729323308270677	1.86485671110719e-08	0.0117129539668054	Both
GUSBP16	653080	-0.492857142857143	-0.729323308270677	0.00152455463623521	0.0117129539668054	Both
LOC105375489	105375489	0.350612244897959	0.729323308270677	0.0343243435482114	0.0117129539668054	HD_only
SMKR1	100287482	0.701938775510204	0.729323308270677	5.31009461181863e-07	0.0117129539668054	Both
CNTNAP3C	100289279	-0.0131632653061224	-0.729323308270677	0.951265422583918	0.0117129539668054	HD_only
RABEPK	10244	0.383775510204082	0.729323308270677	0.0186954115250839	0.0117129539668054	HD_only
FRAT1	10023	-0.249081632653061	0.729323308270677	0.152155665456829	0.0117129539668054	HD_only
SNORD26	9302	-0.228469387755102	-0.729323308270677	0.193694464283494	0.0117129539668054	HD_only
CRADD	8738	0.466530612244898	0.729323308270677	0.00302723117115688	0.0117129539668054	Both
LOC105370297	105370297	-0.311326530612245	-0.729323308270677	0.0651386955390839	0.0117129539668054	HD_only
UCHL3	7347	0.510612244897959	0.729323308270677	0.000937216118856475	0.0117129539668054	Both
ZNF334	55713	-0.0288775510204082	-0.729323308270677	0.889790181654783	0.0117129539668054	HD_only
TAFA3	284467	0.155204081632653	0.72781954887218	0.398877638769989	0.0120624910296097	HD_only
ENTPD1-AS1	728558	-0.204285714285714	-0.72781954887218	0.252044427785832	0.0120624910296097	HD_only
ITGAE	3682	0.284489795918367	0.72781954887218	0.096166203767944	0.0120624910296097	HD_only
MKKS	8195	0.823979591836735	0.72781954887218	1.29345565465959e-10	0.0120624910296097	Both
SMIM26	388789	0.515714285714286	0.72781954887218	0.000806383926857941	0.0120624910296097	Both
LOC105373244	105373244	-0.364387755102041	-0.72781954887218	0.0268837682470973	0.0120624910296097	HD_only
USP38-DT	105377623	-0.367792633816394	-0.727341157115338	0.0253018659420616	0.0122091438872641	HD_only
HERC2P10	390561	-0.148136823792394	-0.726797627627021	0.423311851248981	0.0123805484291186	HD_only
CENPO	79172	-0.193571428571429	0.726315789473684	0.28080551910861	0.0123997289602193	HD_only
BLOC1S4	55330	0.154183673469388	0.726315789473684	0.402306332499344	0.0123997289602193	HD_only
PPARD	5467	-0.629795918367347	-0.726315789473684	1.52521029626948e-05	0.0123997289602193	Both
ASCC3	10973	0.116020408163265	-0.726315789473684	0.54177475208709	0.0123997289602193	HD_only
CTNND1	1500	-0.207142857142857	-0.726315789473684	0.244597306691741	0.0123997289602193	HD_only
LOC102724682	102724682	0.38969387755102	0.726315789473684	0.0166664446965439	0.0123997289602193	HD_only
FUT1	2523	0.078265306122449	0.726315789473684	0.69178112395853	0.0123997289602193	HD_only
LRRC47	57470	0.32969387755102	0.724812030075188	0.0487428045431879	0.0127681090927103	HD_only
PCDHGC3	5098	-0.566020408163265	-0.724812030075188	0.000165663597194988	0.0127681090927103	Both
HSDL2-AS1	100133204	-0.382959183673469	-0.724812030075188	0.0189778708477133	0.0127681090927103	HD_only
LOC105378512	105378512	-0.342244897959184	-0.724812030075188	0.0396297261513768	0.0127681090927103	HD_only
LOC105369663	105369663	0.474183673469388	0.724812030075188	0.00248816483739312	0.0127681090927103	Both
LOC105370594	105370594	0.128571428571429	-0.724812030075188	0.493977916490867	0.0127681090927103	HD_only
MEFV	4210	0.0895918367346939	-0.724812030075188	0.646388619358172	0.0127681090927103	HD_only
KIF16B	55614	-0.416836734693878	-0.724812030075188	0.00960790498486546	0.0127681090927103	Both
IFI44L	10964	0.235918367346939	-0.723308270676692	0.177846931992605	0.0131016486423108	HD_only
ANKHD1-EIF4EBP3	404734	-0.669591836734694	-0.723308270676692	2.68017615970083e-06	0.0131016486423108	Both
EMSLR	101927746	0.499285714285714	0.723308270676692	0.00128482880871345	0.0131016486423108	Both
TRIB1	10221	-0.137244897959184	-0.723308270676692	0.461718494168458	0.0131016486423108	HD_only
CELF2-DT	101928322	0.653367346938776	0.723308270676692	5.61242346942297e-06	0.0131016486423108	Both
KCNJ11	3767	0.303061224489796	0.723308270676692	0.0737801249551685	0.0131016486423108	HD_only
EBPL	84650	0.439081632653061	0.723308270676692	0.00584148321152346	0.0131016486423108	Both
PSMC6	5706	0.728877551020408	0.723308270676692	1.2125773415873e-07	0.0131016486423108	Both
SEH1L	81929	0.737142857142857	0.723308270676692	7.52633421832396e-08	0.0131016486423108	Both
B9D2	80776	0.234591836734694	0.723308270676692	0.180669468233658	0.0131016486423108	HD_only
LOC105378286	105378286	-0.438990790724241	-0.72282818199363	0.00585521613023438	0.0132591913709054	Both
TRA-TGC4-1	100189339	-0.321457976203282	-0.722349926022009	0.0556601330876282	0.0134176019630405	HD_only
BHLHE40-AS1	100507582	0.14530612244898	-0.721804511278195	0.43291471471832	0.0134666798072941	HD_only
PCDHGA12	26025	-0.581428571428571	-0.721804511278195	9.71876416738298e-05	0.0134666798072941	Both
GM2A	2760	-0.550204081632653	-0.721804511278195	0.000280472641200767	0.0134666798072941	Both
LOC107986760	107986760	0.335102040816326	0.721804511278195	0.044615537439415	0.0134666798072941	HD_only
ST3GAL1	6482	-0.170102040816327	-0.721804511278195	0.349981023015696	0.0134666798072941	HD_only
TTC17	55761	-0.569387755102041	-0.721804511278195	0.000147375340656209	0.0134666798072941	Both
EXTL3-AS1	101929402	-0.339183673469388	-0.72132385695306	0.0416799173035051	0.0136052605473836	HD_only
SNORD27	9301	-0.191938775510204	-0.72132385695306	0.285506930780999	0.0136052605473836	HD_only
QPCT	25797	0.784183673469388	0.720300751879699	3.55881676273088e-09	0.0137731458268127	Both
ALMS1P1	200420	-0.0785714285714286	-0.720300751879699	0.690450236113776	0.0137731458268127	HD_only
NOS3	4846	-0.220816326530612	-0.720300751879699	0.211328572697104	0.0137731458268127	HD_only
VDAC3	7419	0.857244897959184	0.720300751879699	4.23485828736151e-12	0.0137731458268127	Both
LOC105378390	105378390	0.33234693877551	-0.720300751879699	0.0466756954952597	0.0137731458268127	HD_only
PSTK	118672	0.367142857142857	0.720300751879699	0.0255895978757586	0.0137731458268127	HD_only
TMEM126B	55863	0.768775510204082	0.720300751879699	1.01059396376021e-08	0.0137731458268127	Both
VPS29	51699	0.784795918367347	0.720300751879699	3.37522007214252e-09	0.0137731458268127	Both
EID2	163126	0.715	0.720300751879699	2.64546456626274e-07	0.0137731458268127	Both
GPCPD1	56261	0.298265306122449	-0.720300751879699	0.0792490986332585	0.0137731458268127	HD_only
LOC105378530	105378530	0.0212420007132303	-0.71971762304723	0.919876844925401	0.013977543465658	HD_only
MAGEF1	64110	0.67234693877551	0.718796992481203	2.36802448526727e-06	0.0141567232249864	Both
SPATA9	83890	-0.52	-0.718796992481203	0.000710765359812248	0.0141567232249864	Both
CCDC171	203238	0.211530612244898	-0.718796992481203	0.233668704040955	0.0141567232249864	HD_only
MFSD5	84975	0.00214285714285714	0.718796992481203	0.992216162095955	0.0141567232249864	HD_only
ATP5MJ	9556	0.665	0.718796992481203	3.31279666917346e-06	0.0141567232249864	Both
SLC24A1	9187	-0.0619387755102041	-0.718796992481203	0.75774940580752	0.0141567232249864	HD_only
ZNF43	7594	-0.304285714285714	-0.718796992481203	0.0724014664166529	0.0141567232249864	HD_only
MSN	4478	-0.574081632653061	-0.718796992481203	0.000125365528036462	0.0141567232249864	Both
CXCL11	6373	0.0286734693877551	-0.717778091047186	0.890519215191277	0.0143896140228107	HD_only
PINK1-AS	100861548	0.48734693877551	0.717293233082707	0.00177215260634299	0.0143896140228107	Both
GBP1P1	400759	0.0712244897959184	-0.717293233082707	0.720037354149865	0.0143896140228107	HD_only
EPHX4	253152	0.881530612244898	0.717293233082707	2.55937499570971e-13	0.0143896140228107	Both
EBLN2	55096	-0.211428571428571	-0.717293233082707	0.233927751770532	0.0143896140228107	HD_only
GSK3B-DT	107986119	-0.132857142857143	-0.717293233082707	0.477925339347716	0.0143896140228107	HD_only
MASP1	5648	-0.433265306122449	-0.717293233082707	0.00668472159191199	0.0143896140228107	Both
SLC7A11-AS1	641364	-0.125	-0.717293233082707	0.507543242936119	0.0143896140228107	HD_only
AK6	102157402	0.773673469387755	0.717293233082707	7.4118758425102e-09	0.0143896140228107	Both
TOMM5	401505	0.717244897959184	0.717293233082707	2.34224416963073e-07	0.0143896140228107	Both
AGAP5	729092	-0.773163265306122	-0.717293233082707	7.66969864645191e-09	0.0143896140228107	Both
SBF2	81846	-0.397959183673469	-0.717293233082707	0.014098975965363	0.0143896140228107	HD_only
WNK1	65125	-0.586938775510204	-0.717293233082707	7.9602515307034e-05	0.0143896140228107	Both
HEXIM1	10614	0.142040816326531	0.717293233082707	0.444674360096952	0.0143896140228107	HD_only
ZNF582-DT	386758	0.212755102040816	0.717293233082707	0.230666219533896	0.0143896140228107	HD_only
HMGXB4	10042	-0.358469387755102	-0.717293233082707	0.029903413124892	0.0143896140228107	HD_only
C1orf220	400798	-0.350408163265306	-0.71578947368421	0.0344364484724582	0.014791159094715	HD_only
SLC49A4	84925	-0.216836734693878	-0.71578947368421	0.220738806941278	0.014791159094715	HD_only
NDUFS4	4724	0.813061224489796	0.71578947368421	3.17406053911699e-10	0.014791159094715	Both
GUSBP2	387036	-0.559591836734694	-0.71578947368421	0.00020559663196465	0.014791159094715	Both
RIPPLY2	134701	0.696632653061224	0.71578947368421	7.01580277661748e-07	0.014791159094715	Both
ICA1-AS1	100505938	0.237959183673469	0.71578947368421	0.173719798690751	0.014791159094715	HD_only
ZNF518A	9849	-0.259285714285714	-0.71578947368421	0.134464539416554	0.014791159094715	HD_only
TMPO-AS1	100128191	-0.350612244897959	-0.71578947368421	0.0343243435482114	0.014791159094715	HD_only
ZNG1B	150472	0.673367346938775	0.714285714285714	2.24886030726983e-06	0.0152263472064597	Both
PSMB1	5689	0.300408163265306	0.714285714285714	0.0768017402298752	0.0152263472064597	HD_only
GGCT	79017	0.756836734693878	0.714285714285714	2.21695962543826e-08	0.0152263472064597	Both
UBE2D4	51619	-0.33530612244898	0.714285714285714	0.0444852655611959	0.0152263472064597	HD_only
DOK4	55715	0.144081632653061	0.714285714285714	0.437322126430751	0.0152263472064597	HD_only
UNK	85451	-0.790612244897959	-0.714285714285714	2.20312846498977e-09	0.0152263472064597	Both
ARMC6	93436	-0.031734693877551	0.714285714285714	0.878482017972946	0.0152263472064597	HD_only
RPS19BP1	91582	0.127857142857143	0.714285714285714	0.496494918743835	0.0152263472064597	HD_only
MIR103A2	406896	0.519387755102041	0.713050069229928	0.000724109460849305	0.0154154197607209	Both
NKTR	4820	-0.356632653061224	-0.712781954887218	0.0308775991071207	0.0154154197607209	HD_only
FLNB-AS1	105377105	-0.667959183673469	-0.712781954887218	2.89686311097419e-06	0.0154154197607209	Both
LOC102723704	102723704	0.388469387755102	-0.712781954887218	0.0171006512394002	0.0154154197607209	HD_only
SMARCA5-AS1	100128055	-0.441938775510204	-0.712781954887218	0.00548485308412725	0.0154154197607209	Both
LOC107986444	107986444	0.0296938775510204	0.712781954887218	0.886832117155105	0.0154154197607209	HD_only
MRAP2	112609	0.682755102040816	0.712781954887218	1.416060016284e-06	0.0154154197607209	Both
FRMD4A	55691	-0.487551020408163	-0.712781954887218	0.00176167372705664	0.0154154197607209	Both
CFAP70	118491	-0.476326530612245	-0.712781954887218	0.00235217608711736	0.0154154197607209	Both
PATL1	219988	-0.586326530612245	-0.712781954887218	8.13865867855484e-05	0.0154154197607209	Both
LOC107984334	107984334	-0.613367346938775	-0.712781954887218	2.972944804526e-05	0.0154154197607209	Both
EI24	9538	0.541938775510204	0.712781954887218	0.000364359827450076	0.0154154197607209	Both
KIF5A	3798	-0.215204081632653	-0.712781954887218	0.224677987345563	0.0154154197607209	HD_only
GIHCG	100506844	0.622551020408163	0.712781954887218	2.0732170822952e-05	0.0154154197607209	Both
C16orf96	342346	-0.556224489795918	-0.712781954887218	0.000230284453910467	0.0154154197607209	Both
HSBP1	3281	0.604489795918367	0.712781954887218	4.19131358889344e-05	0.0154154197607209	Both
ECSIT	51295	0.238469387755102	0.712781954887218	0.172750790091828	0.0154154197607209	HD_only
ZNFX1	57169	-0.629591836734694	-0.712781954887218	1.5326061959118e-05	0.0154154197607209	Both
ANO7	50636	-0.125714285714286	-0.711278195488722	0.504845014681734	0.0159630081272358	HD_only
GLDC	2731	0.118775510204082	-0.711278195488722	0.531097906398734	0.0159630081272358	HD_only
CCDC34	91057	0.813979591836735	0.711278195488722	3.01000749953711e-10	0.0159630081272358	Both
RAB33A	9363	0.333877551020408	0.711278195488722	0.0455498095020751	0.0159630081272358	HD_only
LOC729867	729867	-0.487857142857143	-0.709774436090226	0.00174754119464126	0.0163576411977899	Both
COMMD1	150684	0.484489795918367	0.709774436090226	0.00190984519358383	0.0163576411977899	Both
LOC105374216	105374216	-0.204285714285714	-0.709774436090226	0.252044427785832	0.0163576411977899	HD_only
ASNS	440	0.77469387755102	0.709774436090226	6.8929397670639e-09	0.0163576411977899	Both
LOC112268055	112268055	0.125	0.709774436090226	0.507543242936119	0.0163576411977899	HD_only
VDAC2	7417	0.852755102040816	0.709774436090226	7.32519955110608e-12	0.0163576411977899	Both
LOC644215	644215	-0.369387755102041	-0.709774436090226	0.0245778459593933	0.0163576411977899	HD_only
KRT10	3858	0.000510204081632653	0.709774436090226	0.998157941148876	0.0163576411977899	HD_only
PTPN1	5770	-0.572040816326531	-0.709774436090226	0.000134492381387322	0.0163576411977899	Both
BCLAF3	256643	-0.356428571428571	-0.709774436090226	0.0309736641250558	0.0163576411977899	HD_only
SLC16A2	6567	-0.0183673469387755	-0.709774436090226	0.931464081842189	0.0163576411977899	HD_only
IPO9-AS1	100873949	-0.516938775510204	-0.708270676691729	0.000778231676572597	0.0166902918110656	Both
LOC107985946	107985946	-0.460816326530612	-0.708270676691729	0.0034953807915811	0.0166902918110656	Both
MIR6513	102465256	-0.416122448979592	-0.708270676691729	0.00975014986648408	0.0166902918110656	Both
LOC105374063	105374063	0.213469387755102	0.708270676691729	0.228828175763083	0.0166902918110656	HD_only
INTU	27152	-0.39765306122449	-0.708270676691729	0.0141830638303057	0.0166902918110656	HD_only
LOC105377992	105377992	0.44734693877551	0.708270676691729	0.00483656900180735	0.0166902918110656	Both
CCDC28A	25901	0.751020408163265	0.708270676691729	3.20497348750595e-08	0.0166902918110656	Both
URGCP-MRPS24	100534592	0.436326530612245	0.708270676691729	0.00622140455854344	0.0166902918110656	Both
PARAIL	101929709	-0.230408163265306	-0.708270676691729	0.189393667578206	0.0166902918110656	HD_only
COX6C	1345	0.666530612244898	0.708270676691729	3.08896153493665e-06	0.0166902918110656	Both
NSUN6	221078	-0.533979591836735	-0.708270676691729	0.0004702261434473	0.0166902918110656	Both
FANCI	55215	0.187857142857143	0.708270676691729	0.29707833467924	0.0166902918110656	HD_only
PRPSAP2	5636	0.241632653061224	0.708270676691729	0.166440502961796	0.0166902918110656	HD_only
LINC02939	642648	-0.258061224489796	-0.708270676691729	0.136482037569356	0.0166902918110656	HD_only
RAD54L	8438	-0.265	0.706766917293233	0.124849796954603	0.0171526813538928	HD_only
EIF3B	8662	-0.138673469387755	0.706766917293233	0.456911262292537	0.0171526813538928	HD_only
ERV3-1-ZNF117	109504726	-0.0478571428571429	-0.706766917293233	0.814096173489373	0.0171526813538928	HD_only
LOC105379243	105379243	0.268469387755102	0.706766917293233	0.119365474859505	0.0171526813538928	HD_only
CD2BP2	10421	-0.129489795918367	0.706766917293233	0.490786088656294	0.0171526813538928	HD_only
SNORD10	652966	-0.461734693877551	-0.706766917293233	0.00341751038679778	0.0171526813538928	Both
GNAZ	2781	0.365612244897959	0.706766917293233	0.0262955306247237	0.0171526813538928	HD_only
LAGE3	8270	0.186632653061224	0.706766917293233	0.300469319861716	0.0171526813538928	HD_only
ERP27	121506	0.0622764499673592	-0.70632610221742	0.75664928174982	0.0173303335795691	HD_only
LOC105376506	105376506	-0.29137318752825	-0.70566540169394	0.0874916463302194	0.0175044160694599	HD_only
NRIR	104326052	0.179591836734694	-0.705263157894737	0.321251062386265	0.0175044160694599	HD_only
KPNA4	3840	0.758775510204082	0.705263157894737	1.94748108306836e-08	0.0175044160694599	Both
PCDHGB7	56099	-0.671428571428571	-0.705263157894737	2.46084363408599e-06	0.0175044160694599	Both
ATP10B	23120	-0.442142857142857	-0.705263157894737	0.005458017333193	0.0175044160694599	Both
LOC105379316	105379316	0.585204081632653	0.705263157894737	8.48953317300092e-05	0.0175044160694599	Both
PRNCR1	101867536	-0.531122448979592	-0.705263157894737	0.000509387441793152	0.0175044160694599	Both
VWA8	23078	-0.0698979591836735	-0.705263157894737	0.725380499733896	0.0175044160694599	HD_only
ALDH6A1	4329	-0.532959183673469	-0.705263157894737	0.000484709310235437	0.0175044160694599	Both
ATP5F1A	498	0.716938775510204	0.705263157894737	2.37324310704084e-07	0.0175044160694599	Both
ABCA7	10347	-0.234285714285714	0.705263157894737	0.181246055509641	0.0175044160694599	HD_only
NAT14	57106	0.236122448979592	0.705263157894737	0.17740488754326	0.0175044160694599	HD_only
IGBP1	3476	0.608061224489796	0.705263157894737	3.65238375944254e-05	0.0175044160694599	Both
LBX1-AS1	399806	-0.014286202177461	0.704820076413118	0.947404020110667	0.0176499923121756	HD_only
ZNF728	388523	-0.474144748744813	-0.704820076413118	0.00249069031650942	0.0176499923121756	Both
SNORD45C	692085	-0.0972981665301294	-0.704565673088341	0.615797762127766	0.0176499923121756	HD_only
FKBP1B	2281	0.673367346938775	0.703759398496241	2.24886030726983e-06	0.0176499923121756	Both
STK11IP	114790	-0.388673469387755	0.703759398496241	0.017028639903464	0.0176499923121756	HD_only
SPDYE16	102723555	-0.721020408163265	-0.703759398496241	1.92339940065175e-07	0.0176499923121756	Both
CZ1P-ASNS	107986827	0.751836734693877	0.703759398496241	3.04314801616639e-08	0.0176499923121756	Both
CYP7B1	9420	-0.316530612244898	-0.703759398496241	0.0602078341299125	0.0176499923121756	HD_only
MIR6848	102465511	0.0851020408163265	0.703759398496241	0.664803608969133	0.0176499923121756	HD_only
ZNF782	158431	-0.0902040816326531	-0.703759398496241	0.643852308036746	0.0176499923121756	HD_only
ZNF483	158399	0.711224489795918	0.703759398496241	3.2605114653303e-07	0.0176499923121756	Both
PDSS1	23590	0.417857142857143	0.703759398496241	0.00939818245517996	0.0176499923121756	Both
NPM3	10360	0.445714285714286	0.703759398496241	0.00502326473131766	0.0176499923121756	Both
MRPL42	28977	0.417040816326531	0.703759398496241	0.00956408279061977	0.0176499923121756	Both
PGAM5	192111	0.415612244897959	0.703759398496241	0.00985856667359594	0.0176499923121756	Both
MHRT	104564225	0.125612244897959	0.703759398496241	0.505188270848088	0.0176499923121756	HD_only
POLR3K	51728	0.566530612244898	0.703759398496241	0.000162644452540901	0.0176499923121756	Both
HAS3	3038	0.161224489795918	0.703759398496241	0.378856379980422	0.0176499923121756	HD_only
DOCK6-AS1	105372273	-0.166326530612245	-0.703759398496241	0.362053099984248	0.0176499923121756	HD_only
ZNF701	55762	-0.410816326530612	-0.703759398496241	0.0109054784814572	0.0176499923121756	Both
PFDN4	5203	0.670408163265306	0.703759398496241	2.58068154005624e-06	0.0176499923121756	Both
ATP5PO	539	0.604183673469388	0.703759398496241	4.23400684236613e-05	0.0176499923121756	Both
SCML1	6322	0.316020408163265	-0.703759398496241	0.060675271678609	0.0176499923121756	HD_only
MIR3934	100500873	-0.332755102040816	-0.703271956466227	0.046401107204821	0.0178533798797597	HD_only
ECEL1P2	347694	0.159309380275263	0.702646512274929	0.385518470077106	0.0180683431705948	HD_only
PRR35	146325	0.241031629503015	0.702519793945942	0.167650419173787	0.0180683431705948	HD_only
PCDHGA9	56107	-0.649897959183673	-0.702255639097744	6.53878244308482e-06	0.0180683431705948	Both
CCZ1	51622	0.345408163265306	0.702255639097744	0.0375575292518116	0.0180683431705948	HD_only
TRGC2	6967	-0.13734693877551	-0.702255639097744	0.461436896676852	0.0180683431705948	HD_only
SEC61G	23480	0.661734693877551	0.702255639097744	3.82066542204665e-06	0.0180683431705948	Both
ALKBH4	54784	-0.088265306122449	0.702255639097744	0.651485336278485	0.0180683431705948	HD_only
GPR162	27239	-0.0259183673469388	0.702255639097744	0.901225208423433	0.0180683431705948	HD_only
PSMA6	5687	0.86204081632653	0.702255639097744	2.59463132053141e-12	0.0180683431705948	Both
NOP10	55505	0.516836734693877	0.702255639097744	0.000780658196285652	0.0180683431705948	Both
TIMM50	92609	0.334387755102041	0.702255639097744	0.0451575036574991	0.0180683431705948	HD_only
SNORD62B	692093	-0.639489795918367	-0.701891789920176	1.02095072426294e-05	0.0182167319130882	Both
LOC105374140	105374140	-0.134591836734694	-0.701808024804515	0.471637528654964	0.0182234304829988	HD_only
SUPT20HL1	100130302	-0.160114149766537	-0.701776668635306	0.38269728077549	0.0182234304829988	HD_only
PDIK1L	149420	0.610918367346939	0.700751879699248	3.27570617267459e-05	0.0184250547820464	Both
GLMN	11146	0.782448979591837	0.700751879699248	3.95210382918634e-09	0.0184250547820464	Both
ADGRF3	165082	-0.472959183673469	-0.700751879699248	0.00257116204858019	0.0184250547820464	Both
LOC100129434	100129434	0.226122448979592	-0.700751879699248	0.199085903401547	0.0184250547820464	HD_only
UBE2E3-DT	105373772	-0.076634608050652	-0.700751879699248	0.698280679225913	0.0184250547820464	HD_only
SETD5	55209	-0.432142857142857	-0.700751879699248	0.00685234332078751	0.0184250547820464	Both
ZNF311	282890	-0.332551020408163	-0.700751879699248	0.0465269720756851	0.0184250547820464	HD_only
PLEKHG1	57480	-0.500102040816326	-0.700751879699248	0.00125466652613914	0.0184250547820464	Both
YKT6	10652	-0.285510204081633	0.700751879699248	0.0948800264015296	0.0184250547820464	HD_only
CNGA4	1262	-0.64734693877551	-0.700751879699248	7.29968890143128e-06	0.0184250547820464	Both
RIMKLB	57494	-0.184795918367347	-0.700751879699248	0.305645088664588	0.0184250547820464	HD_only
SPATA25	128497	-0.659591836734694	-0.700751879699248	4.21350731508852e-06	0.0184250547820464	Both
TAS1R3	83756	-0.230102040816326	0.699248120300752	0.190015680851805	0.0188634603093662	HD_only
ADCYAP1R1	117	-0.44765306122449	-0.699248120300752	0.00480244386595826	0.0188634603093662	Both
NACA4P	83955	0.639285714285714	0.699248120300752	1.02907343133939e-05	0.0188634603093662	Both
PAMR1	25891	-0.284795918367347	-0.699248120300752	0.0958049713606913	0.0188634603093662	HD_only
CDADC1	81602	0.787551020408163	0.699248120300752	2.74277382728708e-09	0.0188634603093662	Both
MYO5C	55930	-0.0376530612244898	-0.699248120300752	0.854396207495919	0.0188634603093662	HD_only
IQCH-AS1	100506686	0.375204081632653	0.699248120300752	0.02203816612622	0.0188634603093662	HD_only
PSMA4	5685	0.817959183673469	0.699248120300752	2.07424826858853e-10	0.0188634603093662	Both
TPM4	7171	0.0722448979591837	-0.699248120300752	0.715964108781598	0.0188634603093662	HD_only
NUDT19	390916	0.269795918367347	0.699248120300752	0.117353316478784	0.0188634603093662	HD_only
LOC105372426	105372426	0.33734693877551	0.699248120300752	0.0429793892709598	0.0188634603093662	HD_only
UQCRHL	440567	-0.173979591836735	0.697744360902256	0.337950796111914	0.0192639930418001	HD_only
YRDC	79693	0.57530612244898	0.697744360902256	0.000120123327314376	0.0192639930418001	Both
LOC729218	729218	-0.807244897959184	-0.697744360902256	5.33352490422733e-10	0.0192639930418001	Both
PCDHB15	56121	-0.205816326530612	-0.697744360902256	0.247969340158301	0.0192639930418001	HD_only
GPR6	2830	0.373877551020408	0.697744360902256	0.0225995016317426	0.0192639930418001	HD_only
ASB13	79754	0.534387755102041	0.697744360902256	0.000463904193524547	0.0192639930418001	Both
LOC105378419	105378419	0.231326530612245	0.697744360902256	0.187457901008089	0.0192639930418001	HD_only
RASSF7	8045	0.217551020408163	0.697744360902256	0.219071220484658	0.0192639930418001	HD_only
DHRS4-AS1	55449	-0.291632653061224	-0.697744360902256	0.0871464394479746	0.0192639930418001	HD_only
ACYP1	97	0.547959183673469	0.697744360902256	0.000301990720518994	0.0192639930418001	Both
KCNJ12	3768	0.267551020408163	0.697744360902256	0.120753361928563	0.0192639930418001	HD_only
FAM174C	55009	-0.364591836734694	0.697744360902256	0.0267781624145109	0.0192639930418001	HD_only
LOC107983998	107983998	-0.771938775510204	-0.697744360902256	8.10390130327087e-09	0.0192639930418001	Both
LOC105372952	105372952	-0.434551901975634	-0.697744360902256	0.00648704194110946	0.0192639930418001	Both
MAFA	389692	-0.128551122762207	0.696502493783664	0.493998328010706	0.0196262798667446	HD_only
ITGB1BP1	9270	0.793775510204082	0.69624060150376	1.69708875289155e-09	0.0196262798667446	Both
CCT7	10574	0.529285714285714	0.69624060150376	0.000539351954306379	0.0196262798667446	Both
ANKRD36C	400986	0.330816326530612	-0.69624060150376	0.0478611005895397	0.0196262798667446	HD_only
CAMK1	8536	0.445918367346939	0.69624060150376	0.00499996804961291	0.0196262798667446	Both
CXCL5	6374	0.221326530612245	-0.69624060150376	0.210091760926315	0.0196262798667446	HD_only
NAIP	4671	-0.50734693877551	-0.69624060150376	0.00102875228387972	0.0196262798667446	Both
PCDHGB1	56104	-0.645612244897959	-0.69624060150376	7.82031467829344e-06	0.0196262798667446	Both
NDST1	3340	-0.590612244897959	-0.69624060150376	6.96903725225477e-05	0.0196262798667446	Both
TMEM243	79161	0.777551020408163	0.69624060150376	5.52344218193931e-09	0.0196262798667446	Both
LHFPL3	375612	0.204795918367347	-0.69624060150376	0.25063815936904	0.0196262798667446	HD_only
PCDH15	65217	0.0711224489795918	-0.69624060150376	0.720538978064632	0.0196262798667446	HD_only
LDHB	3945	0.804081632653061	0.69624060150376	7.03329980510087e-10	0.0196262798667446	Both
ENTPD5	957	-0.765102040816326	-0.69624060150376	1.27327912285738e-08	0.0196262798667446	Both
LOC105372485	105372485	-0.655408163265306	-0.69624060150376	5.13856608414469e-06	0.0196262798667446	Both
KAT14	57325	0.522448979591837	0.69624060150376	0.000661245214241836	0.0196262798667446	Both
TSPAN16	26526	0.0697561876909149	0.695783921587309	0.725901513018641	0.0198317516857111	HD_only
LOC107985937	107985937	0.34530612244898	0.694736842105263	0.0376102778868333	0.0199986118571178	HD_only
NDUFB4	4710	0.630102040816326	0.694736842105263	1.50780888697436e-05	0.0199986118571178	Both
SLC10A4	201780	0.568673469387755	0.694736842105263	0.000151074738234536	0.0199986118571178	Both
UBA6-DT	550112	-0.118877551020408	-0.694736842105263	0.530776384528682	0.0199986118571178	HD_only
BANK1	55024	0.0657142857142857	-0.694736842105263	0.742315890993302	0.0199986118571178	HD_only
BTN3A3	10384	0.00755102040816326	-0.694736842105263	0.972542723133616	0.0199986118571178	HD_only
ABCF1-DT	107986587	0.223163265306122	0.694736842105263	0.205794832122532	0.0199986118571178	HD_only
LOC100507346	100507346	-0.533367346938775	-0.694736842105263	0.000479266814935675	0.0199986118571178	Both
MBD6	114785	-0.855918367346939	-0.694736842105263	4.75109444131123e-12	0.0199986118571178	Both
GATC	283459	0.455918367346939	0.694736842105263	0.0039437224223043	0.0199986118571178	Both
RBM25	58517	0.128673469387755	-0.694736842105263	0.493585040861027	0.0199986118571178	HD_only
UBL7	84993	0.191530612244898	0.694736842105263	0.286738944022225	0.0199986118571178	HD_only
SDF2	6388	0.354489795918367	0.694736842105263	0.032059932395148	0.0199986118571178	HD_only
ZNF347	84671	-0.455102040816326	-0.694736842105263	0.0040241835622325	0.0199986118571178	Both
LOC105372507	105372507	-0.529183673469388	-0.694736842105263	0.000540962676263991	0.0199986118571178	Both
LOC105374590	105374590	-0.528553219554658	-0.69424600622281	0.000550952814879168	0.0202245727502645	Both
GPR199P	653160	-0.601326530612245	-0.693233082706767	4.71878908347579e-05	0.0203810443903983	Both
PLEKHH2	130271	-0.215918367346939	-0.693233082706767	0.222901574839046	0.0203810443903983	HD_only
LOC105373562	105373562	-0.138571428571429	0.693233082706767	0.45731607297976	0.0203810443903983	HD_only
ARPC4	10093	0.318673469387755	0.693233082706767	0.058221263440774	0.0203810443903983	HD_only
COX17	10063	0.306836734693878	0.693233082706767	0.0696487704322085	0.0203810443903983	HD_only
SHISAL2B	100132916	0.321589836580066	0.693233082706767	0.0555397883899847	0.0203810443903983	HD_only
BRD2	6046	-0.489897959183673	-0.693233082706767	0.00165276092593877	0.0203810443903983	Both
BLOC1S2	282991	0.76734693877551	0.693233082706767	1.10323260412552e-08	0.0203810443903983	Both
KAZALD1	81621	0.193877551020408	0.693233082706767	0.280037868861795	0.0203810443903983	HD_only
EMC4	51234	0.409387755102041	0.693233082706767	0.0112281881649409	0.0203810443903983	Both
GFOD2	81577	0.303265306122449	0.693233082706767	0.0735328134627524	0.0203810443903983	HD_only
KIAA1328	57536	-0.393265306122449	-0.693233082706767	0.0155273328682949	0.0203810443903983	HD_only
PALM3	342979	0.0463265306122449	0.693233082706767	0.82013610302596	0.0203810443903983	HD_only
DSCR9	257203	-0.133775510204082	-0.693233082706767	0.47457116024237	0.0203810443903983	HD_only
RAP2C-AS1	101928578	-0.269795918367347	-0.693233082706767	0.117353316478784	0.0203810443903983	HD_only
ZBP1	81030	-0.277799166206865	-0.69274168118224	0.105352464385112	0.0206106005097424	HD_only
TGFB2-AS1	728463	-0.353367346938775	-0.691729323308271	0.0326834736133024	0.0208461911848509	HD_only
MARCHF11	441061	0.585	0.691729323308271	8.55320470535689e-05	0.0208461911848509	Both
KHDRBS3	10656	0.800816326530612	0.691729323308271	9.21598497755393e-10	0.0208461911848509	Both
RAD9B	144715	0.865204081632653	0.691729323308271	1.85838615659371e-12	0.0208461911848509	Both
EP400P1	347918	-0.679795918367347	-0.691729323308271	1.66003371256051e-06	0.0208461911848509	Both
KLHDC2	23588	0.748979591836735	0.691729323308271	3.63885177446585e-08	0.0208461911848509	Both
HIF1A	3091	0.0775510204081633	-0.691729323308271	0.694877272831131	0.0208461911848509	HD_only
PKD1L2	114780	-0.442448979591837	-0.691729323308271	0.00541839014602901	0.0208461911848509	Both
SAT2	112483	0.248979591836735	0.691729323308271	0.152314551618026	0.0208461911848509	HD_only
CIC	23152	-0.615714285714286	-0.691729323308271	2.70740660491766e-05	0.0208461911848509	Both
LILRA6	79168	-0.118673469387755	-0.691729323308271	0.531391910282778	0.0208461911848509	HD_only
FLNA	2316	-0.510612244897959	-0.691729323308271	0.000937216118856475	0.0208461911848509	Both
NBPF1	55672	-0.51969387755102	-0.690225563909774	0.000717812700550609	0.0213466607448874	Both
LOC105374836	105374836	0.522551020408163	0.690225563909774	0.000659157807971994	0.0213466607448874	Both
ST3GAL5	8869	0.569081632653061	0.690225563909774	0.000148969939379767	0.0213466607448874	Both
C3orf62	375341	-0.289081632653061	0.690225563909774	0.0903811439900922	0.0213466607448874	HD_only
RFC4	5984	0.487040816326531	0.690225563909774	0.00178579290211036	0.0213466607448874	Both
EPB41L4A-AS1	114915	0.406224489795918	0.690225563909774	0.0119712246001706	0.0213466607448874	Both
GRPEL2	134266	0.647551020408163	0.690225563909774	7.22857956551583e-06	0.0213466607448874	Both
AMPD3	272	-0.148265306122449	-0.690225563909774	0.422826195460065	0.0213466607448874	HD_only
WASH8P	100288778	-0.417142857142857	0.690225563909774	0.0095415904097371	0.0213466607448874	Both
GEMIN2	8487	0.565408163265306	0.690225563909774	0.000169030890423311	0.0213466607448874	Both
PET117	100303755	0.69530612244898	0.690225563909774	7.47985825457862e-07	0.0213466607448874	Both
PDCL3	79031	0.370102040816326	0.688721804511278	0.0242486290133321	0.0218091678210394	HD_only
MIR9-2	407047	-0.27265306122449	-0.688721804511278	0.1130250115515	0.0218091678210394	HD_only
TIMM23B-AGAP6	113218477	-0.620510204081633	-0.688721804511278	2.24908652896552e-05	0.0218091678210394	Both
CCDC6	8030	0.535	0.688721804511278	0.000454790491630885	0.0218091678210394	Both
UROS	7390	0.52469387755102	0.688721804511278	0.000618533097172569	0.0218091678210394	Both
L3HYPDH	112849	-0.0268367346938776	-0.688721804511278	0.897714593788748	0.0218091678210394	HD_only
ULK4P1	89838	-0.229285714285714	-0.688721804511278	0.191795961698363	0.0218091678210394	HD_only
PAM16	51025	0.111326530612245	0.688721804511278	0.560077087046803	0.0218091678210394	HD_only
PDF	64146	0.267959183673469	0.688721804511278	0.120105896540351	0.0218091678210394	HD_only
DCAKD	79877	-0.562244897959184	-0.688721804511278	0.000187944641133162	0.0218091678210394	Both
BAHCC1	57597	-0.687959183673469	-0.688721804511278	1.08451609514328e-06	0.0218091678210394	Both
KPTN	11133	-0.171530612244898	0.688721804511278	0.345438041801497	0.0218091678210394	HD_only
RBM38-AS1	100291105	-0.489897959183673	-0.688721804511278	0.00165276092593877	0.0218091678210394	Both
HMGN1	3150	0.0781632653061224	-0.688721804511278	0.692213903508444	0.0218091678210394	HD_only
GPR142	350383	-0.431725628039729	-0.687381721295484	0.00692269789350792	0.0224071196595386	Both
EIF2B4	8890	-0.436530612244898	0.687218045112782	0.00619142183647755	0.0224071196595386	Both
LOC101929298	101929298	0.703775510204082	0.687218045112782	4.82949162229594e-07	0.0224071196595386	Both
F12	2161	0.450510204081633	0.687218045112782	0.00449317923558744	0.0224071196595386	Both
BOP1	23246	-0.257142857142857	0.687218045112782	0.138150334811284	0.0224071196595386	HD_only
CARS1	833	0.507448979591837	0.687218045112782	0.00102650315381156	0.0224071196595386	Both
LINC00644	101954204	0.565901043612155	0.687218045112782	0.000166321078753548	0.0224071196595386	Both
LARP6	55323	0.21765306122449	0.687218045112782	0.218867163057888	0.0224071196595386	HD_only
LOC101928212	101928212	-0.314183673469388	-0.687218045112782	0.0624424636111838	0.0224071196595386	HD_only
FBXO44	93611	0.176938775510204	0.685714285714286	0.329050715186873	0.0228669716965644	HD_only
ARID1A	8289	-0.748265306122449	-0.685714285714286	3.78223498473685e-08	0.0228669716965644	Both
CFAP126	257177	-0.132448979591837	-0.685714285714286	0.479527661434407	0.0228669716965644	HD_only
GNPAT	8443	0.385714285714286	0.685714285714286	0.0180204000325938	0.0228669716965644	HD_only
TMEM158	25907	0.369387755102041	0.685714285714286	0.0245778459593933	0.0228669716965644	HD_only
TRAPPC13	80006	0.672959183673469	0.685714285714286	2.29838785932587e-06	0.0228669716965644	Both
PFKP	5214	0.464897959183673	0.685714285714286	0.00315144864386154	0.0228669716965644	Both
MEIG1	644890	0.0164285714285714	0.685714285714286	0.938983989429368	0.0228669716965644	HD_only
RPP25	54913	0.281122448979592	0.685714285714286	0.10077397373295	0.0228669716965644	HD_only
PSMB3	5691	0.349795918367347	0.685714285714286	0.0348212049828557	0.0228669716965644	HD_only
CSF3	1440	-0.00320063366163127	-0.685714285714286	0.989064826931444	0.0228669716965644	HD_only
SNRPD1	6632	0.621020408163265	0.685714285714286	2.20486873826729e-05	0.0228669716965644	Both
HNRNPUL1	11100	-0.858265306122449	-0.685714285714286	3.79267485437863e-12	0.0228669716965644	Both
HDHD5	27440	-0.220510204081633	0.685714285714286	0.212055872597974	0.0228669716965644	HD_only
FTSJ1	24140	0.273061224489796	0.685714285714286	0.112391195628215	0.0228669716965644	HD_only
LOC107986129	107986129	-0.54765306122449	-0.685220055979393	0.000304503481934097	0.0230945167553362	Both
PRECSIT	283487	-0.242755102040816	-0.685220055979393	0.164183336277772	0.0230945167553362	HD_only
BRK1	55845	0.688163265306122	0.684210526315789	1.07574691433249e-06	0.0233629930778201	Both
SEMA5A	9037	0.0880612244897959	-0.684210526315789	0.652406155360986	0.0233629930778201	HD_only
CDK7	1022	0.731122448979592	0.684210526315789	1.07685096400545e-07	0.0233629930778201	Both
TMED9	54732	0.0241836734693878	0.684210526315789	0.908539862773631	0.0233629930778201	HD_only
LOC107986578	107986578	0.235714285714286	-0.684210526315789	0.178289756355871	0.0233629930778201	HD_only
UFL1	23376	0.0235714285714286	-0.684210526315789	0.910854780866408	0.0233629930778201	HD_only
ZDHHC14	79683	0.114897959183673	0.684210526315789	0.546119924499669	0.0233629930778201	HD_only
MRPL32	64983	0.505102040816326	0.684210526315789	0.00109352152878479	0.0233629930778201	Both
INTS5	80789	-0.0808163265306122	0.684210526315789	0.681527592206928	0.0233629930778201	HD_only
CACNA1C-IT2	100874369	0.311181407790231	0.684210526315789	0.0652622401616284	0.0233629930778201	HD_only
PSMD12	5718	0.661836734693877	0.684210526315789	3.8038604377505e-06	0.0233629930778201	Both
SRRD	402055	0.129591836734694	0.684210526315789	0.490394208904922	0.0233629930778201	HD_only
PSMA5	5686	0.771428571428571	0.682706766917293	8.35688191492883e-09	0.0238448444507571	Both
SRGAP2C	653464	0.00224489795918367	-0.682706766917293	0.991942426838893	0.0238448444507571	HD_only
GLRX2	51022	0.773163265306122	0.682706766917293	7.66969864645191e-09	0.0238448444507571	Both
PCGF1	84759	0.0858163265306122	0.682706766917293	0.66188736719015	0.0238448444507571	HD_only
IP6K2	51447	-0.431734693877551	0.682706766917293	0.00692200918807227	0.0238448444507571	Both
PMS2P9	100132832	-0.563163265306122	-0.682706766917293	0.00018223513035259	0.0238448444507571	Both
AASS	10157	-0.466122448979592	-0.682706766917293	0.00305864210580245	0.0238448444507571	Both
UBE2H	7328	-0.127857142857143	-0.682706766917293	0.496494918743835	0.0238448444507571	HD_only
FAM167A	83648	-0.574387755102041	-0.682706766917293	0.000124202796833099	0.0238448444507571	Both
ARPC5L	81873	0.73030612244898	0.682706766917293	1.11869524092101e-07	0.0238448444507571	Both
MSANTD2-AS1	100507283	-0.398673469387755	-0.682706766917293	0.0139027246781595	0.0238448444507571	HD_only
MRPS31	10240	0.425204081632653	0.682706766917293	0.00799661910407792	0.0238448444507571	Both
MAGOH2P	100506898	-0.466530612244898	-0.682706766917293	0.00302723117115688	0.0238448444507571	Both
ZNF581	51545	-0.387755102040816	0.682706766917293	0.0173226565280684	0.0238448444507571	HD_only
ADAM17	6868	0.142551020408163	-0.681203007518797	0.442824838957796	0.0243633989870892	HD_only
UBE2E3	10477	0.754387755102041	0.681203007518797	2.59688184618915e-08	0.0243633989870892	Both
LINC00951	401260	-0.151938775510204	0.681203007518797	0.409974487703453	0.0243633989870892	HD_only
ABCF2	10061	0.485918367346939	0.681203007518797	0.00183880623166822	0.0243633989870892	Both
GLIS3-AS1	84850	-0.29030612244898	-0.681203007518797	0.0888537643375132	0.0243633989870892	HD_only
ACSL5	51703	-0.160816326530612	-0.681203007518797	0.380264537417806	0.0243633989870892	HD_only
DCHS1	8642	-0.685102040816326	-0.681203007518797	1.25386480764684e-06	0.0243633989870892	Both
NDUFC2-KCTD14	100532726	0.708163265306122	0.681203007518797	3.84169152491747e-07	0.0243633989870892	Both
FZD4-DT	100506368	-0.0895918367346939	-0.681203007518797	0.646388619358172	0.0243633989870892	HD_only
DZIP1	22873	0.00408163265306122	-0.681203007518797	0.985370977606352	0.0243633989870892	HD_only
RALGAPA1	253959	0.19530612244898	-0.681203007518797	0.27602062981798	0.0243633989870892	HD_only
EID1	23741	0.743061224489796	0.681203007518797	5.3071648387052e-08	0.0243633989870892	Both
MPDU1	9526	0.119081632653061	0.681203007518797	0.53002334245386	0.0243633989870892	HD_only
SNRPB	6628	0.328061224489796	0.681203007518797	0.0500519099895109	0.0243633989870892	HD_only
LOC105377188	105377188	-0.074607459894895	-0.680707080857685	0.706585093466557	0.0246300722233618	HD_only
KIAA0040	9674	-0.0179591836734694	-0.679699248120301	0.932998622955867	0.024790869131267	HD_only
ACBD3-AS1	107985353	-0.210816326530612	-0.679699248120301	0.235393308616194	0.024790869131267	HD_only
TFB2M	64216	0.674795918367347	0.679699248120301	2.11813231912519e-06	0.024790869131267	Both
MTX2	10651	0.716632653061224	0.679699248120301	2.41826637412765e-07	0.024790869131267	Both
LOC100130872	100130872	-0.0819387755102041	0.679699248120301	0.676778967641664	0.024790869131267	HD_only
ZBED3	84327	-0.501836734693877	-0.679699248120301	0.00119485662422723	0.024790869131267	Both
UCK1	83549	-0.356326530612245	0.679699248120301	0.0310152565069287	0.024790869131267	HD_only
STARD10	10809	0.0552040816326531	0.679699248120301	0.784387297347224	0.024790869131267	HD_only
CEP164	22897	-0.75204081632653	-0.679699248120301	3.00007500081166e-08	0.024790869131267	Both
BCL9L	283149	-0.627244897959184	-0.679699248120301	1.69425513091889e-05	0.024790869131267	Both
GLRX5	51218	0.631632653061225	0.679699248120301	1.41075980985453e-05	0.024790869131267	Both
SNRNP25	79622	0.337959183673469	0.679699248120301	0.0425467800359756	0.024790869131267	HD_only
LINC02177	101927009	-0.428061224489796	-0.679699248120301	0.00752036423652531	0.024790869131267	Both
ANKFY1	51479	-0.646020408163265	-0.679699248120301	7.69166489676333e-06	0.024790869131267	Both
NFIX	4784	-0.680102040816326	-0.679699248120301	1.63508481458688e-06	0.024790869131267	Both
SNHG11	128439	-0.0791836734693877	0.679699248120301	0.688116920381075	0.024790869131267	HD_only
LOC107987299	107987299	0.138877551020408	-0.679699248120301	0.456132977450396	0.024790869131267	HD_only
LOC107984311	107984311	-0.4032044107127	-0.679202755817115	0.0127101197517412	0.0250613679920388	Both
MIR103B2	100302282	0.466734693877551	0.67845059329683	0.00301188881412438	0.0254353695905141	Both
EXO1	9156	0.292551020408163	0.678195488721804	0.086051143434821	0.0254353695905141	HD_only
PLEKHA3	65977	0.780408163265306	0.678195488721804	4.45972925215704e-09	0.0254353695905141	Both
PTPRG-AS1	100506994	0.116326530612245	-0.678195488721804	0.540525824712269	0.0254353695905141	HD_only
ATP1B3	483	0.796530612244898	0.678195488721804	1.34193250079122e-09	0.0254353695905141	Both
AFAP1-AS1	84740	-0.0823469387755102	-0.678195488721804	0.675312181185426	0.0254353695905141	HD_only
SLC25A37	51312	-0.394285714285714	-0.678195488721804	0.015209367544979	0.0254353695905141	HD_only
ETS1	2113	0.155612244897959	-0.678195488721804	0.397636346804038	0.0254353695905141	HD_only
HELZ2	85441	-0.442551020408163	-0.678195488721804	0.00540551029292348	0.0254353695905141	Both
LOC105372471	105372471	-0.106326530612245	-0.67771161193569	0.580057607197542	0.0257037494305298	HD_only
LOC107985200	107985200	0.210510204081633	0.676691729323308	0.236205741667316	0.0259890955897497	HD_only
LOC100130691	100130691	-0.197142857142857	-0.676691729323308	0.271070156606349	0.0259890955897497	HD_only
KY	339855	-0.258775510204082	-0.676691729323308	0.135263152657599	0.0259890955897497	HD_only
UBE2QL1	134111	0.744285714285714	0.676691729323308	4.92457726433263e-08	0.0259890955897497	Both
SEMA6A-AS1	101927233	-0.596836734693878	-0.676691729323308	5.5575375547624e-05	0.0259890955897497	Both
DMTF1	9988	-0.299285714285714	-0.676691729323308	0.0780488149417717	0.0259890955897497	HD_only
DNAJB6	10049	0.780918367346939	0.676691729323308	4.33090514858851e-09	0.0259890955897497	Both
LOC107984219	107984219	-0.395816326530612	-0.676691729323308	0.0147347421733238	0.0259890955897497	HD_only
CPSF7	79869	-0.779591836734694	-0.676691729323308	4.70656919284264e-09	0.0259890955897497	Both
NDUFB1	4707	0.419897959183673	0.676691729323308	0.00899683715535859	0.0259890955897497	Both
RBBP9	10741	-0.176122448979592	-0.676691729323308	0.331301728861345	0.0259890955897497	HD_only
RTCB	51493	0.458979591836735	0.676691729323308	0.00365229834294024	0.0259890955897497	Both
RBM34	23029	0.702040816326531	0.675187969924812	5.29817550397365e-07	0.0265548598063119	Both
KCMF1	56888	0.673571428571429	0.675187969924812	2.22891682878229e-06	0.0265548598063119	Both
FAM193A	8603	-0.803469387755102	-0.675187969924812	7.27319223860775e-10	0.0265548598063119	Both
HSDL2	84263	-0.350408163265306	-0.675187969924812	0.0344364484724582	0.0265548598063119	HD_only
BBS1	582	-0.364489795918367	-0.675187969924812	0.0268294617471928	0.0265548598063119	HD_only
MIR6716	102466719	-0.497959183673469	-0.675187969924812	0.00133097797717541	0.0265548598063119	Both
COX14	84987	0.496224489795918	0.675187969924812	0.00139386419422927	0.0265548598063119	Both
NDN	4692	0.606428571428571	0.675187969924812	3.88379480997463e-05	0.0265548598063119	Both
MIR193BHG	100129781	-0.111224489795918	-0.675187969924812	0.560403199709683	0.0265548598063119	HD_only
SMG6	23293	-0.731224489795918	-0.675187969924812	1.07441563285089e-07	0.0265548598063119	Both
RPAIN	84268	0.638673469387755	0.675187969924812	1.053829210638e-05	0.0265548598063119	Both
EPOP	100170841	0.216224489795918	0.675187969924812	0.222090301392202	0.0265548598063119	HD_only
ZNF160	90338	-0.616836734693877	-0.675187969924812	2.5808654599743e-05	0.0265548598063119	Both
IL6-AS1	541472	0.00255886569703255	-0.673937618175122	0.990917732787815	0.0271328237749746	HD_only
BCL10-AS1	646626	-0.171122448979592	-0.673684210526316	0.346776367656959	0.0271328237749746	HD_only
LOC107986003	107986003	0.00306122448979592	0.673684210526316	0.989382517580609	0.0271328237749746	HD_only
RNF175	285533	0.765	0.673684210526316	1.28045803483447e-08	0.0271328237749746	Both
POP7	10248	0.435714285714286	0.673684210526316	0.00631767170246947	0.0271328237749746	Both
PHYH	5264	0.631020408163265	0.673684210526316	1.44798320964437e-05	0.0271328237749746	Both
TMEM106C	79022	0.656938775510204	0.673684210526316	4.76933132418333e-06	0.0271328237749746	Both
CFAP54	144535	-0.302448979591837	-0.673684210526316	0.0744869652342787	0.0271328237749746	HD_only
GANC	2595	-0.453469387755102	-0.673684210526316	0.00419014724206996	0.0271328237749746	Both
TIMM22	29928	0.454081632653061	0.673684210526316	0.00412498493835541	0.0271328237749746	Both
VPS16	64601	-0.321326530612245	0.673684210526316	0.0557750492744632	0.0271328237749746	HD_only
LOC105372717	105372717	-0.0156122448979592	0.673684210526316	0.942272093994945	0.0271328237749746	HD_only
ATP8	4509	-0.315510204081633	-0.673684210526316	0.0611623921190994	0.0271328237749746	HD_only
CDC14C	168448	-0.193387081321328	-0.673193534522786	0.28138870937928	0.0273926092908875	HD_only
LOC101927284	101927284	-0.0685544743640406	-0.673193534522786	0.730513552990028	0.0273926092908875	HD_only
LOC102723910	102723910	0.316052660080292	-0.672433293134553	0.0606604804505081	0.0276431039149579	HD_only
LOC102724830	102724830	-0.325918367346939	-0.67218045112782	0.0518204191117589	0.0276431039149579	HD_only
DNAH5	1767	0.408979591836735	-0.67218045112782	0.011312829760394	0.0276431039149579	Both
PCDHGA2	56113	-0.681836734693878	-0.67218045112782	1.48891697369732e-06	0.0276431039149579	Both
ZFAND2A	90637	0.50704081632653	0.67218045112782	0.00103727318369761	0.0276431039149579	Both
OTUD1	220213	0.636530612244898	0.67218045112782	1.15466625140375e-05	0.0276431039149579	Both
LOC105378519	105378519	-0.0178571428571429	-0.67218045112782	0.933450679135015	0.0276431039149579	HD_only
NEMP1	23306	-0.21030612244898	-0.67218045112782	0.236696688914899	0.0276431039149579	HD_only
NGRN	51335	0.719795918367347	0.67218045112782	2.04368528840767e-07	0.0276431039149579	Both
PARD6A	50855	0.171326530612245	0.67218045112782	0.346076273564184	0.0276431039149579	HD_only
SPATA22	84690	-0.336632653061224	-0.67218045112782	0.0434964904863276	0.0276431039149579	HD_only
MAP3K14	9020	-0.345510204081633	-0.67218045112782	0.0374896306892961	0.0276431039149579	HD_only
ZNF528	84436	-0.515714285714286	-0.67218045112782	0.000806383926857941	0.0276431039149579	Both
MORC2-AS1	150291	-0.0937755102040816	0.67218045112782	0.629662531834415	0.0276431039149579	HD_only
RBX1	9978	0.232551020408163	0.67218045112782	0.18482091733624	0.0276431039149579	HD_only
LOC101929609	101929609	-0.586632653061224	-0.670676691729323	8.06158458244235e-05	0.0281650662134693	Both
DGUOK-AS1	100874048	0.461020408163265	0.670676691729323	0.0034796646224548	0.0281650662134693	Both
NUP210	23225	-0.728367346938775	-0.670676691729323	1.24451896128029e-07	0.0281650662134693	Both
UBE2E2	7325	0.791428571428571	0.670676691729323	2.05575836156392e-09	0.0281650662134693	Both
EXOSC7	23016	0.171632653061224	0.670676691729323	0.345129338095808	0.0281650662134693	HD_only
TCTE1	202500	0.340204081632653	0.670676691729323	0.0409490033575884	0.0281650662134693	HD_only
FUBP3	8939	-0.578673469387755	-0.670676691729323	0.000106693986430062	0.0281650662134693	Both
MRPL23-AS1	100133545	-0.505204081632653	-0.670676691729323	0.00109000440801849	0.0281650662134693	Both
HNRNPUL2	221092	0.0458163265306122	0.670676691729323	0.822584555928533	0.0281650662134693	HD_only
MLF2	8079	0.462244897959184	0.670676691729323	0.0033749208048858	0.0281650662134693	Both
CDH5	1003	-0.203061224489796	-0.670676691729323	0.25519125420602	0.0281650662134693	HD_only
CENPBD1P	92806	0.339183673469388	0.670676691729323	0.0416799173035051	0.0281650662134693	HD_only
MRO	83876	-0.405204081632653	-0.670676691729323	0.0122048750177437	0.0281650662134693	Both
DAPK3	1613	0.0273469387755102	0.670676691729323	0.895650475930635	0.0281650662134693	HD_only
LENG8	114823	-0.741836734693878	-0.670676691729323	5.7191942186055e-08	0.0281650662134693	Both
PAXBP1-AS1	100506215	-0.0656122448979592	-0.670676691729323	0.742716386266307	0.0281650662134693	HD_only
UFD1	7353	-0.0225510204081633	0.670676691729323	0.91440805070326	0.0281650662134693	HD_only
LOC105370970	105370970	-0.279190795774413	-0.670181482914183	0.103446377132827	0.0284389907778954	HD_only
MIR6845	102466748	-0.703571428571429	-0.670176805573698	4.87882640694542e-07	0.0284389907778954	Both
LOC105378629	105378629	-0.461530612244898	-0.669172932330827	0.00343467997186662	0.028618797955814	Both
BTBD19	149478	-0.190204081632653	-0.669172932330827	0.290644352449633	0.028618797955814	HD_only
MTX1	4580	-0.117551020408163	0.669172932330827	0.535707524388361	0.028618797955814	HD_only
SNORA100	106635532	0.474489795918367	0.669172932330827	0.00246844157251348	0.028618797955814	Both
SAP130	79595	-0.384591836734694	-0.669172932330827	0.0184057505767628	0.028618797955814	HD_only
RETREG2	79137	0.441020408163265	0.669172932330827	0.00559820521236014	0.028618797955814	Both
PHF7	51533	-0.259897959183673	-0.669172932330827	0.133453933820642	0.028618797955814	HD_only
UBE3D	90025	0.667142857142857	0.669172932330827	3.00579463344457e-06	0.028618797955814	Both
TFB1M	51106	0.400204081632653	0.669172932330827	0.0134650957384696	0.028618797955814	Both
TARP	445347	-0.14	-0.669172932330827	0.452256287525965	0.028618797955814	HD_only
PSMC2	5701	0.608265306122449	0.669172932330827	3.62213524714277e-05	0.028618797955814	Both
RECQL4	9401	-0.183673469387755	0.669172932330827	0.308784613073471	0.028618797955814	HD_only
ACBD7-DCLRE1CP1	108949267	-0.496326530612245	-0.669172932330827	0.00139141490638211	0.028618797955814	Both
TBC1D10C	374403	-0.533265306122449	-0.669172932330827	0.000480356956091117	0.028618797955814	Both
TARBP2	6895	-0.328877551020408	0.669172932330827	0.0494150651240818	0.028618797955814	HD_only
CNPY2-AS1	112268098	0.387040816326531	0.669172932330827	0.017574322933915	0.028618797955814	HD_only
NTN5	126147	-0.793775510204082	-0.669172932330827	1.69708875289155e-09	0.028618797955814	Both
UXT-AS1	100133957	-0.102142857142857	0.669172932330827	0.596647654845204	0.028618797955814	HD_only
SNORD58A	26791	-0.300612244897959	-0.667929283956296	0.0765664118045319	0.0291109157580835	HD_only
TPR	7175	-0.231224489795918	-0.667669172932331	0.187667961889684	0.0291109157580835	HD_only
PANTR1	100506421	0.0544897959183673	0.667669172932331	0.787601802868216	0.0291109157580835	HD_only
SEC31A	22872	-0.0702040816326531	-0.667669172932331	0.724289277277429	0.0291109157580835	HD_only
GASK1B-AS1	285505	-0.475408163265306	-0.667669172932331	0.00240968267697473	0.0291109157580835	Both
SRP19	6728	0.651836734693877	0.667669172932331	5.9896562527004e-06	0.0291109157580835	Both
ZSCAN23	222696	-0.167959183673469	-0.667669172932331	0.356836683550698	0.0291109157580835	HD_only
PRRC2A	7916	-0.588469387755102	-0.667669172932331	7.53401689142452e-05	0.0291109157580835	Both
ZNG1A	55871	0.525510204081633	0.667669172932331	0.000603675228046441	0.0291109157580835	Both
CREB3	10488	-0.0501020408163265	0.667669172932331	0.805125820858928	0.0291109157580835	HD_only
DHODH	1723	-0.632142857142857	-0.667669172932331	1.38370816140793e-05	0.0291109157580835	Both
MPHOSPH6	10200	0.656326530612245	0.667669172932331	4.91523647307958e-06	0.0291109157580835	Both
DBF4B	80174	-0.776224489795918	-0.667669172932331	6.19541151301698e-09	0.0291109157580835	Both
JPT1	51155	0.629795918367347	0.667669172932331	1.52521029626948e-05	0.0291109157580835	Both
VAPA	9218	0.724591836734694	0.667669172932331	1.57140673882326e-07	0.0291109157580835	Both
AKAP8	10270	0.174897959183673	0.667669172932331	0.335072055776588	0.0291109157580835	HD_only
MAU2	23383	-0.71234693877551	-0.667669172932331	3.05684779815462e-07	0.0291109157580835	Both
MTM1	4534	-0.195816326530612	-0.667669172932331	0.274513230096282	0.0291109157580835	HD_only
UTY	7404	-0.190102040816327	-0.667669172932331	0.290905860932529	0.0291109157580835	HD_only
LOC105377663	105377663	-0.0723469387755102	-0.66716815549256	0.715496473571685	0.0294198844049678	HD_only
SLC66A1	54896	-0.643775510204082	0.666165413533835	8.51528010871314e-06	0.0297215478737462	Both
TCEANC2	127428	-0.701224489795918	-0.666165413533835	5.51145245794746e-07	0.0297215478737462	Both
RNASEL	6041	0.308571428571429	-0.666165413533835	0.067853890005989	0.0297215478737462	HD_only
WDR64	128025	0.273061224489796	0.666165413533835	0.112391195628215	0.0297215478737462	HD_only
LOC101929643	101929643	-0.517244897959184	-0.666165413533835	0.000772020044273819	0.0297215478737462	Both
SPDYA	245711	0.453673469387755	0.666165413533835	0.00416699388010679	0.0297215478737462	Both
GUSBP14	11039	-0.509285714285714	-0.666165413533835	0.000974119115813835	0.0297215478737462	Both
TICAM2-AS1	101927100	-0.268877551020408	-0.666165413533835	0.118732889464584	0.0297215478737462	HD_only
LINC03044	105375674	-0.00540816326530612	-0.666165413533835	0.980674204393737	0.0297215478737462	HD_only
SLC46A3	283537	-0.280816326530612	-0.666165413533835	0.101240021423316	0.0297215478737462	HD_only
COA8	84334	0.624387755102041	0.666165413533835	1.91601326839078e-05	0.0297215478737462	Both
RAD51C	5889	0.685510204081633	0.666165413533835	1.229168679146e-06	0.0297215478737462	Both
TM6SF2	53345	-0.511632653061224	-0.666165413533835	0.000910314033168835	0.0297215478737462	Both
MTFP1	51537	0.356122448979592	0.666165413533835	0.0311313678710889	0.0297215478737462	HD_only
IER5	51278	0.520204081632653	0.664661654135338	0.000706314041177001	0.0303448574284752	Both
SNORA4	619568	-0.283163265306122	-0.664661654135338	0.0979040292517611	0.0303448574284752	HD_only
MAEA	10296	0.35734693877551	0.664661654135338	0.0304820018307432	0.0303448574284752	HD_only
MSANTD1	345222	0.115714285714286	0.664661654135338	0.542856863900588	0.0303448574284752	HD_only
LINC02427	105377585	-0.250408163265306	-0.664661654135338	0.149736617569267	0.0303448574284752	HD_only
ILRUN	64771	0.293979591836735	0.664661654135338	0.0842771508568473	0.0303448574284752	HD_only
ACAT2	39	0.697142857142857	0.664661654135338	6.81563025363916e-07	0.0303448574284752	Both
MIR7705	102466854	0.553367346938775	0.664661654135338	0.000253423694916971	0.0303448574284752	Both
MIR937	100126338	-0.683265306122449	-0.664661654135338	1.38207923177674e-06	0.0303448574284752	Both
NDUFA9	4704	0.614387755102041	0.664661654135338	2.85750872953524e-05	0.0303448574284752	Both
THBS1	7057	0.309591836734694	-0.664661654135338	0.0668882012638065	0.0303448574284752	HD_only
SNHG30	105371743	0.26469387755102	0.664661654135338	0.125359093396923	0.0303448574284752	HD_only
LOC653653	653653	0.0407142857142857	-0.664661654135338	0.842073102219972	0.0303448574284752	HD_only
PLCG1-AS1	101927117	-0.195510204081633	-0.664661654135338	0.275375482806331	0.0303448574284752	HD_only
LOC105376950	105376950	-0.276059249851573	-0.66415950541142	0.107966259520586	0.0306117411041139	HD_only
LOC112268064	112268064	-0.289081632653061	-0.66415950541142	0.0903811439900922	0.0306117411041139	HD_only
RASSF10-DT	105376557	-0.127840930223746	-0.664157379696976	0.496547890626275	0.0306117411041139	HD_only
MKNK1-AS1	100507423	-0.217040816326531	-0.663157894736842	0.220284619223761	0.0308188012209479	HD_only
MB21D2	151963	0.599285714285714	0.663157894736842	5.07955587660043e-05	0.0308188012209479	Both
ECI2-DT	100507506	-0.258884155292282	-0.663157894736842	0.135117493459251	0.0308188012209479	HD_only
CFAP69	79846	0.516632653061224	-0.663157894736842	0.000785358086942792	0.0308188012209479	Both
LOC100996662	100996662	-0.650510204081633	-0.663157894736842	6.38338987753334e-06	0.0308188012209479	Both
ITGB1	3688	-0.312857142857143	-0.663157894736842	0.0636861967239139	0.0308188012209479	HD_only
CCNY	219771	0.57969387755102	0.663157894736842	0.000102972023875216	0.0308188012209479	Both
STX5-DT	105369332	0.145510204081633	0.663157894736842	0.432150417646615	0.0308188012209479	HD_only
MIR3652	100500842	-0.171020408163265	-0.663157894736842	0.347065471189477	0.0308188012209479	HD_only
GPR135	64582	0.0383673469387755	-0.663157894736842	0.851627037399618	0.0308188012209479	HD_only
ATP1B2	482	-0.411224489795918	-0.663157894736842	0.0108178374473349	0.0308188012209479	Both
LOC644554	644554	-0.118673469387755	-0.663157894736842	0.531391910282778	0.0308188012209479	HD_only
RALGAPA2	57186	-0.683265306122449	-0.663157894736842	1.38207923177674e-06	0.0308188012209479	Both
LOC101928824	101928824	-0.505918367346939	-0.663157894736842	0.00106877846819282	0.0308188012209479	Both
ASPHD2	57168	0.578367346938775	0.663157894736842	0.000107877019922463	0.0308188012209479	Both
WDR75	84128	0.197857142857143	-0.661654135338346	0.269114544905175	0.0314125788825605	HD_only
SNORA105B	106635540	0.609591836734694	0.661654135338346	3.44190884046646e-05	0.0314125788825605	Both
RNF25	64320	-0.284897959183673	0.661654135338346	0.0956769162328436	0.0314125788825605	HD_only
PSMD2	5708	0.289387755102041	0.661654135338346	0.0900068239466472	0.0314125788825605	HD_only
SAP30	8819	0.0693877551020408	0.661654135338346	0.72745139005649	0.0314125788825605	HD_only
LOC105375222	105375222	-0.497959183673469	-0.661654135338346	0.00133097797717541	0.0314125788825605	Both
SPDYE18	100505767	-0.673673469387755	-0.661654135338346	2.22079019220854e-06	0.0314125788825605	Both
LOC107984190	107984190	-0.301326530612245	-0.661654135338346	0.0757241497589086	0.0314125788825605	HD_only
COQ5	84274	-0.0390816326530612	0.661654135338346	0.848861378323244	0.0314125788825605	HD_only
LRCH1	23143	0.156020408163265	-0.661654135338346	0.396217158176184	0.0314125788825605	HD_only
OBI1-AS1	100874222	-0.163265306122449	-0.661654135338346	0.371815502611573	0.0314125788825605	HD_only
LOC107987209	107987209	-0.181530612244898	0.661654135338346	0.315341166628668	0.0314125788825605	HD_only
BLMH	642	0.296326530612245	0.661654135338346	0.0815101423788642	0.0314125788825605	HD_only
DNAAF9	25943	-0.568775510204082	-0.661654135338346	0.000150580408933834	0.0314125788825605	Both
CD93	22918	-0.0998979591836735	-0.661654135338346	0.605246010996396	0.0314125788825605	HD_only
AIFM1	9131	0.209183673469388	0.661654135338346	0.239549509764477	0.0314125788825605	HD_only
AHCYL1	10768	-0.291122448979592	-0.66015037593985	0.0877727592297611	0.0319916955343777	HD_only
LINC01347	731275	-0.694081632653061	-0.66015037593985	7.96270771224158e-07	0.0319916955343777	Both
GPR75	10936	-0.49734693877551	-0.66015037593985	0.00135288726361806	0.0319916955343777	Both
ANTXR1	84168	-0.40030612244898	-0.66015037593985	0.0134365706252592	0.0319916955343777	Both
LIMS1	3987	-0.242755102040816	-0.66015037593985	0.164183336277772	0.0319916955343777	HD_only
PARP14	54625	-0.192448979591837	-0.66015037593985	0.284126679829451	0.0319916955343777	HD_only
MYLK	4638	-0.480204081632653	-0.66015037593985	0.00213105278431669	0.0319916955343777	Both
GUSBP1	728411	-0.131938775510204	-0.66015037593985	0.481546898856974	0.0319916955343777	HD_only
AHI1-DT	100131814	-0.114795918367347	-0.66015037593985	0.546415868330567	0.0319916955343777	HD_only
PPP1R14C	81706	0.623673469387755	0.66015037593985	1.97177382416737e-05	0.0319916955343777	Both
TP53TG1	11257	0.0738775510204082	0.66015037593985	0.709188270521594	0.0319916955343777	HD_only
PLAT	5327	-0.296836734693878	-0.66015037593985	0.0809051685926528	0.0319916955343777	HD_only
FOXD4	2298	-0.249897959183673	0.66015037593985	0.150711456436504	0.0319916955343777	HD_only
BEST3	144453	-0.323265306122449	-0.66015037593985	0.0540601275862138	0.0319916955343777	HD_only
SLC7A6OS	84138	-0.338571428571429	-0.66015037593985	0.0420803213568689	0.0319916955343777	HD_only
FAM106C	100129396	-0.228577259698349	-0.66015037593985	0.193479773291608	0.0319916955343777	HD_only
MRPL34	64981	0.33469387755102	0.66015037593985	0.044925202309838	0.0319916955343777	HD_only
ACTN4	81	-0.654387755102041	-0.66015037593985	5.37389309492136e-06	0.0319916955343777	Both
SNORD103A	692234	0.0657669838730296	-0.659646530289712	0.74219196041653	0.0323254986697439	HD_only
MRPL33	9553	0.805612244897959	0.658646616541353	6.2132442580408e-10	0.0326103730481256	Both
EPCAM	4072	0.373469387755102	0.658646616541353	0.0227752293905746	0.0326103730481256	HD_only
ILKAP	80895	-0.156224489795918	0.658646616541353	0.395508556568899	0.0326103730481256	HD_only
CCDC13	152206	-0.600918367346939	-0.658646616541353	4.7926775431399e-05	0.0326103730481256	Both
TBC1D14	57533	-0.286530612244898	-0.658646616541353	0.0936072378552588	0.0326103730481256	HD_only
DCHS2	54798	0.263979591836735	-0.658646616541353	0.126540490185294	0.0326103730481256	HD_only
ZFYVE16	9765	0.109897959183673	-0.658646616541353	0.565392868101653	0.0326103730481256	HD_only
FKBPL	63943	0.302040816326531	0.658646616541353	0.0749546174193945	0.0326103730481256	HD_only
RPF2	84154	0.641224489795918	0.658646616541353	9.47780491305818e-06	0.0326103730481256	Both
PLAGL1	5325	0.463877551020408	-0.658646616541353	0.00323529659960682	0.0326103730481256	Both
CDK5	1020	0.509795918367347	0.658646616541353	0.000958969684254312	0.0326103730481256	Both
DGAT1	8694	-0.371428571428571	0.658646616541353	0.0236554075420973	0.0326103730481256	HD_only
SARDH	1757	-0.526632653061224	-0.658646616541353	0.000584205610512763	0.0326103730481256	Both
TEX29	121793	0.127040816326531	0.658646616541353	0.499728170448449	0.0326103730481256	HD_only
ADCY4	196883	-0.292142857142857	-0.658646616541353	0.0865455436393332	0.0326103730481256	HD_only
LOC102724200	102724200	0.231734693877551	0.658646616541353	0.186567364075634	0.0326103730481256	HD_only
SNORA48	652965	-0.462551020408163	-0.658142205249143	0.00334903773748578	0.032928509067882	Both
LOC107985998	107985998	-0.405206790924886	-0.65813327647977	0.0122048750177437	0.032928509067882	Both
TAS2R31	259290	-0.293601389425573	-0.657602158712294	0.0847619995835408	0.0332417583536479	HD_only
H2BC20P	337873	-0.600714285714286	-0.657142857142857	4.83191155759606e-05	0.0332417583536479	Both
DISC1	27185	-0.564285714285714	-0.657142857142857	0.000175388192101073	0.0332417583536479	Both
NME9	347736	0.46969387755102	0.657142857142857	0.00279758554473572	0.0332417583536479	Both
RNF168	165918	0.338877551020408	0.657142857142857	0.0418693672126212	0.0332417583536479	HD_only
KLHL2	11275	0.675714285714286	0.657142857142857	2.03505877663817e-06	0.0332417583536479	Both
GFOD1	54438	0.344489795918367	0.657142857142857	0.0381693416864504	0.0332417583536479	HD_only
LOC105369151	105369151	0.47030612244898	-0.657142857142857	0.00275251903535755	0.0332417583536479	Both
LOC112268114	112268114	-0.45265306122449	-0.657142857142857	0.00426959722520112	0.0332417583536479	Both
PRPF39	55015	0.434183673469388	0.657142857142857	0.00654255916602267	0.0332417583536479	Both
SIN3A	25942	-0.556326530612245	-0.657142857142857	0.000229552817030852	0.0332417583536479	Both
SNX29	92017	-0.683979591836735	-0.657142857142857	1.33081762879128e-06	0.0332417583536479	Both
FSD1	79187	0.188367346938775	0.657142857142857	0.295701053112707	0.0332417583536479	HD_only
SGK2	10110	-0.31030612244898	-0.657142857142857	0.0661256569334379	0.0332417583536479	HD_only
ST7-OT4	338069	-0.44734693877551	-0.655885717688288	0.00483656900180735	0.0336673687304932	Both
ULK4P2	100288380	-0.151530612244898	-0.655885717688288	0.411487543296096	0.0336673687304932	HD_only
CDC42-AS1	112268223	0.305918367346939	0.655639097744361	0.0706449737494647	0.0336673687304932	HD_only
ITIH4	3700	-0.556530612244898	-0.655639097744361	0.000228031769857004	0.0336673687304932	Both
LOC105374167	105374167	-0.0833673469387755	-0.655639097744361	0.671323071381416	0.0336673687304932	HD_only
LOC102724851	102724851	-0.456632653061224	-0.655639097744361	0.00387300242741683	0.0336673687304932	Both
MPLKIP	136647	0.46765306122449	0.655639097744361	0.00294520839567566	0.0336673687304932	Both
ARHGEF34P	728377	-0.309387755102041	-0.655639097744361	0.0670756488110384	0.0336673687304932	HD_only
ENDOG	2021	-0.12734693877551	0.655639097744361	0.498491551974903	0.0336673687304932	HD_only
LINC02449	101927905	-0.424183673469388	-0.655639097744361	0.00817425761831715	0.0336673687304932	Both
DNAJC3-DT	100289274	0.267040816326531	-0.655639097744361	0.121613642567508	0.0336673687304932	HD_only
TEX30	93081	0.669081632653061	0.655639097744361	2.74864369240612e-06	0.0336673687304932	Both
TMEM186	25880	0.403265306122449	0.655639097744361	0.0126926450989221	0.0336673687304932	Both
NFATC2IP	84901	-0.503061224489796	-0.655639097744361	0.00115482691628202	0.0336673687304932	Both
RRN3P2	653390	-0.432959183673469	-0.655639097744361	0.00672750227680547	0.0336673687304932	Both
HSD11B2	3291	-0.243775510204082	0.655639097744361	0.162196196631081	0.0336673687304932	HD_only
CD209	30835	0.0791856935383568	-0.655639097744361	0.688116920381075	0.0336673687304932	HD_only
ZNF44	51710	-0.245	-0.655639097744361	0.159769584398685	0.0336673687304932	HD_only
LOC105372383	105372383	-0.203979591836735	0.655639097744361	0.252812527707045	0.0336673687304932	HD_only
PVALB	5816	0.396836734693877	0.655639097744361	0.0144325542099177	0.0336673687304932	HD_only
PNPLA3	80339	-0.157244897959184	-0.655639097744361	0.3923322735413	0.0336673687304932	HD_only
PHF8	23133	-0.730612244897959	-0.655639097744361	1.10107137969004e-07	0.0336673687304932	Both
MOSPD1	56180	0.770714285714286	0.655639097744361	8.77943765388811e-09	0.0336673687304932	Both
ND4	4538	-0.449285714285714	-0.655639097744361	0.00463103882968326	0.0336673687304932	Both
ADPRS	54936	-0.245	0.654135338345865	0.159769584398685	0.034187368021473	HD_only
LOC107985216	107985216	-0.519387755102041	-0.654135338345865	0.000724109460849305	0.034187368021473	Both
C1orf53	388722	0.511020408163265	0.654135338345865	0.0009266086047451	0.034187368021473	Both
ZEB2-AS1	100303491	-0.379285714285714	-0.654135338345865	0.0203790978505078	0.034187368021473	HD_only
PSMD14	10213	0.783775510204082	0.654135338345865	3.64612394692622e-09	0.034187368021473	Both
TTLL4	9654	-0.773877551020408	-0.654135338345865	7.33615829535362e-09	0.034187368021473	Both
QTRT2	79691	-0.466836734693877	-0.654135338345865	0.00300424373326323	0.034187368021473	Both
CCNL1	57018	-0.0445918367346939	-0.654135338345865	0.827355894494659	0.034187368021473	HD_only
SLBP	7884	0.808367346938775	0.654135338345865	4.79660904752438e-10	0.034187368021473	Both
LOC107986599	107986599	0.203061224489796	0.654135338345865	0.25519125420602	0.034187368021473	HD_only
MYO6	4646	-0.408571428571429	-0.654135338345865	0.011399535539952	0.034187368021473	Both
OSTF1	26578	0.859183673469388	0.654135338345865	3.45456729497596e-12	0.034187368021473	Both
TNS2-AS1	283335	-0.596836734693878	-0.654135338345865	5.5575375547624e-05	0.034187368021473	Both
KNTC1	9735	-0.0773469387755102	-0.654135338345865	0.695545721944275	0.034187368021473	HD_only
RAN	5901	0.781938775510204	0.654135338345865	4.06687346302479e-09	0.034187368021473	Both
COL4A1	1282	0.063265306122449	-0.654135338345865	0.752338828556046	0.034187368021473	HD_only
DEXI	28955	-0.0856122448979592	0.654135338345865	0.662747781865209	0.034187368021473	HD_only
MED31	51003	0.699183673469388	0.654135338345865	6.09358542779744e-07	0.034187368021473	Both
PTGES3L-AARSD1	100885850	0.330204081632653	0.654135338345865	0.0483374506685073	0.034187368021473	HD_only
HNRNPM	4670	-0.323265306122449	0.654135338345865	0.0540601275862138	0.034187368021473	HD_only
ZFP36	7538	-0.131632653061224	-0.654135338345865	0.482610639551388	0.034187368021473	HD_only
BBC3	27113	-0.33030612244898	0.654135338345865	0.0482493007359393	0.034187368021473	HD_only
LOC107987042	107987042	-0.651122448979592	-0.653629230127434	6.20468204353571e-06	0.0345121282079514	Both
PIK3CD	5293	0.268775510204082	0.652631578947368	0.118883826370019	0.0348828966392456	HD_only
TANC1	85461	-0.403469387755102	-0.652631578947368	0.0126368802746302	0.0348828966392456	Both
LARS2	23395	-0.405408163265306	-0.652631578947368	0.0121603196936856	0.0348828966392456	Both
ABTB1	80325	-0.130918367346939	0.652631578947368	0.485182494762976	0.0348828966392456	HD_only
KCNMB3	27094	0.146122448979592	0.652631578947368	0.430027977606315	0.0348828966392456	HD_only
CD38	952	-0.425714285714286	-0.652631578947368	0.00791296814685197	0.0348828966392456	Both
PALLD	23022	-0.351938775510204	-0.652631578947368	0.0335508396386633	0.0348828966392456	HD_only
TAP2	6891	-0.243877551020408	-0.652631578947368	0.161994923862703	0.0348828966392456	HD_only
ZNF117	51351	0.038469387755102	-0.652631578947368	0.851236485732041	0.0348828966392456	HD_only
RFX3-DT	101929302	-0.463163265306122	-0.652631578947368	0.00329670066252339	0.0348828966392456	Both
FAM241B	219738	0.456428571428571	0.652631578947368	0.00389219389656303	0.0348828966392456	Both
LOC105371763	105371763	0.237755102040816	0.652631578947368	0.174155364298398	0.0348828966392456	HD_only
LDLR	3949	-0.35234693877551	-0.652631578947368	0.0333144508508494	0.0348828966392456	HD_only
PNMA6A	84968	0.388061224489796	0.652631578947368	0.0172269103864117	0.0348828966392456	HD_only
LOC100131626	100131626	-0.254081632653061	-0.652124905086865	0.143358619420658	0.0352253456987858	HD_only
SP6	80320	0.0113778412751634	-0.652109173262564	0.957632285897563	0.0352253456987858	HD_only
LOC100288175	100288175	0.0906122448979592	0.651127819548872	0.642173057884404	0.0356470915995164	HD_only
FUBP1	8880	0.323877551020408	-0.651127819548872	0.0535786173463264	0.0356470915995164	HD_only
SCN11A	11280	-0.492755102040816	-0.651127819548872	0.00152870998718536	0.0356470915995164	Both
PCDHGB5	56101	-0.690714285714286	-0.651127819548872	9.52512689080125e-07	0.0356470915995164	Both
ALDH5A1	7915	0.280204081632653	-0.651127819548872	0.102119064527674	0.0356470915995164	HD_only
TNFRSF10C	8794	-0.161020408163265	-0.651127819548872	0.37954921144049	0.0356470915995164	HD_only
MRPL13	28998	0.654081632653061	0.651127819548872	5.4409094451827e-06	0.0356470915995164	Both
IFIT1	3434	0.775510204081633	0.651127819548872	6.44740282157259e-09	0.0356470915995164	Both
GVINP1	387751	0.19030612244898	-0.651127819548872	0.290373890336799	0.0356470915995164	HD_only
C14orf119	55017	0.321836734693878	0.651127819548872	0.0553124918402297	0.0356470915995164	HD_only
BOLA2-SMG1P6	107282092	0.389489795918367	0.651127819548872	0.0167391562718006	0.0356470915995164	HD_only
UBB	7314	0.180714285714286	0.651127819548872	0.31773074586863	0.0356470915995164	HD_only
LOC105377043	105377043	0.158101561666538	-0.650620580046295	0.389630602170169	0.0360115621685081	HD_only
SEC61G-DT	100996654	-0.245368724497325	-0.65057066979698	0.159080317911913	0.0360224720914213	HD_only
LINC02606	100506022	-0.577755102040816	-0.649624060150376	0.000110065046867531	0.0363148301258191	Both
EIF1B	10289	0.916020408163265	0.649624060150376	3.49983847503273e-16	0.0363148301258191	Both
MIR6872	102465526	-0.425204081632653	-0.649624060150376	0.00799661910407792	0.0363148301258191	Both
FBXL5	26234	0.343367346938776	-0.649624060150376	0.0389095318999548	0.0363148301258191	HD_only
PPA2	27068	0.715	0.649624060150376	2.64546456626274e-07	0.0363148301258191	Both
CCDC127	133957	-0.134387755102041	0.649624060150376	0.472433756002762	0.0363148301258191	HD_only
NUDCD2	134492	0.382551020408163	0.649624060150376	0.0191383236166465	0.0363148301258191	HD_only
UTRN	7402	0.0920408163265306	-0.649624060150376	0.636723411433411	0.0363148301258191	HD_only
ZDHHC4	55146	0.423367346938775	0.649624060150376	0.00832579119537347	0.0363148301258191	Both
LCMT1	51451	0.629591836734694	0.649624060150376	1.5326061959118e-05	0.0363148301258191	Both
INCA1	388324	-0.575918367346939	-0.649624060150376	0.000117485065094335	0.0363148301258191	Both
LOC102725238	102725238	-0.571428571428571	-0.649624060150376	0.000137438077599456	0.0363148301258191	Both
LOC105372255	105372255	-0.340918367346939	-0.649624060150376	0.0404771148108655	0.0363148301258191	HD_only
ZNF440	126070	0.0158163265306122	0.649624060150376	0.941608453786333	0.0363148301258191	HD_only
LOC100289473	100289473	-0.468673469387755	-0.649624060150376	0.0028700579930008	0.0363148301258191	Both
LOC105377136	105377136	-0.620612244897959	-0.649624060150376	2.23996815479512e-05	0.0363148301258191	Both
LOC105375168	105375168	-0.452551020408163	-0.649116255005726	0.00428004805735168	0.0366719353194534	Both
LOC102724250	102724250	-0.464183673469388	-0.64812030075188	0.00320821902590934	0.0369123801626985	Both
SNX17	9784	0.318469387755102	0.64812030075188	0.0584158607454731	0.0369123801626985	HD_only
LOC102724805	102724805	-0.441938775510204	-0.64812030075188	0.00548485308412725	0.0369123801626985	Both
IFT122	55764	-0.180102040816327	0.64812030075188	0.319616505985334	0.0369123801626985	HD_only
EPHB3	2049	0.0448979591836735	0.64812030075188	0.826209490661339	0.0369123801626985	HD_only
UBE2D2	7322	0.708163265306122	0.64812030075188	3.84169152491747e-07	0.0369123801626985	Both
SEPTIN7-DT	101928545	-0.512142857142857	-0.64812030075188	0.000898196415871017	0.0369123801626985	Both
TUSC1	286319	0.398061224489796	0.64812030075188	0.0140727877894192	0.0369123801626985	HD_only
AKNA	80709	-0.554795918367347	-0.64812030075188	0.000242039075651931	0.0369123801626985	Both
STK32C	282974	0.264897959183673	0.64812030075188	0.125025827723189	0.0369123801626985	HD_only
MIR6746	102465446	-0.348469387755102	-0.64812030075188	0.0356116531090865	0.0369123801626985	HD_only
STRAP	11171	0.898265306122449	0.64812030075188	1.73168371463088e-14	0.0369123801626985	Both
MAPKAPK5-AS1	51275	0.650204081632653	0.64812030075188	6.4506955015782e-06	0.0369123801626985	Both
RPUSD1	113000	-0.0612244897959184	0.64812030075188	0.760723779698456	0.0369123801626985	HD_only
DNAJA2	10294	0.838673469387755	0.64812030075188	3.80014661719953e-11	0.0369123801626985	Both
DRG2	1819	-0.406122448979592	0.64812030075188	0.0119939456216813	0.0369123801626985	Both
GRWD1	83743	-0.259081632653061	0.64812030075188	0.134795839082972	0.0369123801626985	HD_only
L3MBTL1	26013	-0.393571428571429	-0.64812030075188	0.015421378799096	0.0369123801626985	HD_only
LOC105378698	105378698	-0.216935215013377	-0.647551780377968	0.220515022340025	0.0373071253877452	HD_only
LOC105373475	105373475	-0.260130322179737	-0.647551780377968	0.133045230432493	0.0373071253877452	HD_only
ANKRD36	375248	-0.0636734693877551	-0.646616541353383	0.750599417754071	0.0375783613298587	HD_only
PPP1R7	5510	0.706632653061224	0.646616541353383	4.1539389735875e-07	0.0375783613298587	Both
KHDC1L	100129128	-0.143775510204082	0.646616541353383	0.438367043218589	0.0375783613298587	HD_only
NAMPT	10135	0.498979591836735	-0.646616541353383	0.00129630652541262	0.0375783613298587	Both
PMP2	5375	-0.179183673469388	-0.646616541353383	0.322399296801743	0.0375783613298587	HD_only
DKK1	22943	0.472040816326531	0.646616541353383	0.00263708077291798	0.0375783613298587	Both
LOC729291	729291	-0.217244897959184	-0.646616541353383	0.21983105243327	0.0375783613298587	HD_only
NACA	4666	0.243979591836735	0.646616541353383	0.161805515378552	0.0375783613298587	HD_only
SPPL3	121665	0.173163265306122	0.646616541353383	0.340335730020435	0.0375783613298587	HD_only
PRMT5-AS1	100505758	0.702448979591837	0.646616541353383	5.19175662453825e-07	0.0375783613298587	Both
SLC28A2-AS1	101928414	-0.0704081632653061	-0.646616541353383	0.723512295570687	0.0375783613298587	HD_only
HEXA	3073	-0.537755102040816	-0.646616541353383	0.000417272596501042	0.0375783613298587	Both
FAHD1	81889	0.597551020408163	0.646616541353383	5.40360232106004e-05	0.0375783613298587	Both
TMEM265	100862671	-0.460714285714286	0.646616541353383	0.00350297479828858	0.0375783613298587	Both
ZNF232-AS1	101928000	0.450816326530612	0.646616541353383	0.00446403445025053	0.0375783613298587	Both
MAPK11	5600	0.0546938775510204	0.646616541353383	0.786698547149882	0.0375783613298587	HD_only
ND4L	4539	-0.543571428571429	-0.646616541353383	0.000346828272441337	0.0375783613298587	Both
LOC101927898	101927898	-0.394397816399161	-0.646107604924587	0.0151721689492812	0.0379207264353712	HD_only
ARR3	407	-0.360519401122441	-0.646107604924587	0.0288339324692291	0.0379207264353712	HD_only
ZBTB44-DT	646383	-0.209613226930875	-0.646085070045358	0.238445692559609	0.0379207264353712	HD_only
LOC105372436	105372436	0.0182189339944977	-0.645473068248674	0.932136335479641	0.0380352679058841	HD_only
MUL1	79594	-0.155714285714286	0.645112781954887	0.397303805469272	0.0380352679058841	HD_only
SRRM1	10250	-0.469387755102041	-0.645112781954887	0.0028191533038255	0.0380352679058841	Both
MRPS21	54460	0.441530612244898	0.645112781954887	0.00553720239792239	0.0380352679058841	Both
IL6R	3570	-0.320510204081633	-0.645112781954887	0.0565300367170168	0.0380352679058841	HD_only
CCT3	7203	0.118877551020408	0.645112781954887	0.530776384528682	0.0380352679058841	HD_only
SLC35F3	148641	0.784795918367347	0.645112781954887	3.37522007214252e-09	0.0380352679058841	Both
SP140	11262	-0.299285714285714	-0.645112781954887	0.0780488149417717	0.0380352679058841	HD_only
B3GNT7	93010	-0.339387755102041	-0.645112781954887	0.0415444119035399	0.0380352679058841	HD_only
LOC107984079	107984079	-0.462959183673469	-0.645112781954887	0.00331222587070567	0.0380352679058841	Both
DCLK2	166614	-0.111632653061224	-0.645112781954887	0.558727794867273	0.0380352679058841	HD_only
UFSP2	55325	0.504081632653061	0.645112781954887	0.00112344259327129	0.0380352679058841	Both
PCDHGA3	56112	-0.63734693877551	-0.645112781954887	1.1151651187636e-05	0.0380352679058841	Both
SAMD9L	219285	-0.231632653061224	-0.645112781954887	0.186802710823415	0.0380352679058841	HD_only
LOC107986934	107986934	-0.12469387755102	-0.645112781954887	0.508655456864057	0.0380352679058841	HD_only
DHTKD1	55526	-0.725102040816326	-0.645112781954887	1.5212802752241e-07	0.0380352679058841	Both
ESRRA	2101	-0.129081632653061	0.645112781954887	0.492145605017804	0.0380352679058841	HD_only
MIR3198-2	100616400	-0.0593877551020408	0.645112781954887	0.768270791655883	0.0380352679058841	HD_only
FERMT2	10979	-0.343979591836735	-0.645112781954887	0.0385305005719739	0.0380352679058841	HD_only
USP3-AS1	100130855	0.12530612244898	-0.645112781954887	0.506351867374816	0.0380352679058841	HD_only
SUMO2	6613	0.651530612244898	0.645112781954887	6.07554898223735e-06	0.0380352679058841	Both
VBP1	7411	0.652448979591837	0.645112781954887	5.83955952357516e-06	0.0380352679058841	Both
MUCL1	118430	0.365390552965525	0.643851117363733	0.0264068896823829	0.0383422883973693	HD_only
LRRC42	115353	0.279285714285714	0.643609022556391	0.103302188497561	0.0383422883973693	HD_only
ADAMTS9-AS2	100507098	0.0818367346938775	-0.643609022556391	0.677210428108549	0.0383422883973693	HD_only
MYLK-AS1	100506826	-0.340816326530612	-0.643609022556391	0.0405494433809183	0.0383422883973693	HD_only
LOC100506639	100506639	-0.318163265306122	-0.643609022556391	0.0586816691770168	0.0383422883973693	HD_only
JADE2	23338	-0.188265306122449	0.643609022556391	0.295946992014087	0.0383422883973693	HD_only
HMGN3-AS1	100288198	0.194795918367347	-0.643609022556391	0.277463646841924	0.0383422883973693	HD_only
MRPS24	64951	0.416428571428571	0.643609022556391	0.00968952358221741	0.0383422883973693	Both
BAIAP2L1	55971	-0.231122448979592	-0.643609022556391	0.18787818564319	0.0383422883973693	HD_only
PTENP1-AS	101243555	0.164081632653061	0.643609022556391	0.369079255191501	0.0383422883973693	HD_only
BMS1P2	642826	-0.147448979591837	-0.643609022556391	0.425454053605615	0.0383422883973693	HD_only
LOC101927692	101927692	-0.230408163265306	-0.643609022556391	0.189393667578206	0.0383422883973693	HD_only
TMEM41B	440026	0.376530612244898	0.643609022556391	0.0214862382931471	0.0383422883973693	HD_only
C2CD3	26005	-0.717551020408163	-0.643609022556391	2.30185961465262e-07	0.0383422883973693	Both
MARS1	4141	0.228979591836735	0.643609022556391	0.19250304469055	0.0383422883973693	HD_only
MSRB3-AS1	100507065	0.576326530612245	0.643609022556391	0.000115743584453027	0.0383422883973693	Both
PNN	5411	-0.302142857142857	-0.643609022556391	0.0748489274801063	0.0383422883973693	HD_only
CEP128	145508	-0.286224489795918	-0.643609022556391	0.0939853384368487	0.0383422883973693	HD_only
WDR73	84942	-0.730510204081633	-0.643609022556391	1.10756337203683e-07	0.0383422883973693	Both
ARPIN	348110	-0.747244897959184	-0.643609022556391	4.04000013941712e-08	0.0383422883973693	Both
MRPS34	65993	0.0478571428571429	0.643609022556391	0.814096173489373	0.0383422883973693	HD_only
ZACN	353174	-0.346428571428571	0.643609022556391	0.0368981104924903	0.0383422883973693	HD_only
SOCS3	9021	-0.149387755102041	-0.643609022556391	0.419040781671052	0.0383422883973693	HD_only
C18orf21	83608	0.557142857142857	0.643609022556391	0.000223524414695874	0.0383422883973693	Both
MIR4746	100616371	-0.277864231320806	0.643609022556391	0.105258593964564	0.0383422883973693	HD_only
BLCAP	10904	0.573163265306122	0.643609022556391	0.000129486423654177	0.0383422883973693	Both
LRRC74B	400891	-0.302040816326531	-0.643609022556391	0.0749546174193945	0.0383422883973693	HD_only
PICK1	9463	-0.120510204081633	0.643609022556391	0.524762157347425	0.0383422883973693	HD_only
NDP-AS1	100873919	-0.476938775510204	-0.643609022556391	0.00231644048624873	0.0383422883973693	Both
TMLHE	55217	-0.0429591836734694	-0.643609022556391	0.833509488935506	0.0383422883973693	HD_only
ABCA9-AS1	104355297	-0.18969387755102	-0.643073018436755	0.292035188826399	0.0387492610820986	HD_only
FNDC7	163479	-0.298397797247263	-0.643023446249451	0.0791091992486741	0.0387621483605395	HD_only
IFI44	10561	0.279387755102041	-0.642105263157895	0.103158153558054	0.0389092814813532	HD_only
SH2D2A	9047	-0.106949689300661	-0.642105263157895	0.577705892851126	0.0389092814813532	HD_only
PPM1B-DT	102723904	-0.577142857142857	-0.642105263157895	0.000112476661335388	0.0389092814813532	Both
EPAS1	2034	-0.266734693877551	-0.642105263157895	0.122027705591758	0.0389092814813532	HD_only
SLC6A11	6538	-0.432244897959184	-0.642105263157895	0.0068365042295157	0.0389092814813532	Both
ITIH4-AS1	100873993	-0.492142857142857	-0.642105263157895	0.00155415734619091	0.0389092814813532	Both
ATF6B	1388	-0.762857142857143	-0.642105263157895	1.46127131942756e-08	0.0389092814813532	Both
BCL7B	9275	0.417551020408163	0.642105263157895	0.00946234638571706	0.0389092814813532	Both
FBXL13	222235	-0.126530612244898	-0.642105263157895	0.501624343690801	0.0389092814813532	HD_only
PINX1	54984	0.263265306122449	0.642105263157895	0.127798935981364	0.0389092814813532	HD_only
CHKA	1119	-0.705510204081633	-0.642105263157895	4.39057628206624e-07	0.0389092814813532	Both
DCT	1638	0.351530612244898	-0.642105263157895	0.0337746160565734	0.0389092814813532	HD_only
CHGA	1113	0.326530612244898	0.642105263157895	0.0513016987351658	0.0389092814813532	HD_only
TECPR2	9895	-0.665816326530612	-0.642105263157895	3.18844912211008e-06	0.0389092814813532	Both
RAD51-AS1	100505648	-0.530510204081633	-0.642105263157895	0.000519368689338406	0.0389092814813532	Both
BCL2L10	10017	0.515918367346939	0.642105263157895	0.000801922602700414	0.0389092814813532	Both
IL34	146433	0.196428571428571	0.642105263157895	0.272989258963257	0.0389092814813532	HD_only
MRPS23	51649	0.634285714285714	0.642105263157895	1.26592381121402e-05	0.0389092814813532	Both
PTRH2	51651	0.43	0.642105263157895	0.00720279237417305	0.0389092814813532	Both
KCNG2	26251	0.111122448979592	0.642105263157895	0.560643551887569	0.0389092814813532	HD_only
HAS1	3036	0.238877551020408	0.642105263157895	0.171885391294992	0.0389092814813532	HD_only
OSER1-DT	100505783	0.223367346938775	0.642105263157895	0.205375409976148	0.0389092814813532	HD_only
POU1F1	5449	0.507155794955713	0.641566992632454	0.00103435318737459	0.0393223058600903	Both
LIF	3976	-0.0525617328131735	-0.640818868971002	0.794841743093686	0.039761988931188	HD_only
LINC01144	400752	-0.426428571428571	-0.640601503759399	0.00779013468622741	0.039761988931188	Both
KTI12	112970	0.367959183673469	0.640601503759399	0.025225280871938	0.039761988931188	HD_only
BOLA3-DT	100507171	0.354489795918367	0.640601503759399	0.032059932395148	0.039761988931188	HD_only
RPS3A	6189	0.485918367346939	0.640601503759399	0.00183880623166822	0.039761988931188	Both
PTTG1	9232	0.730816326530612	0.640601503759399	1.09013316795647e-07	0.039761988931188	Both
TBC1D7-LOC100130357	107080638	0.696530612244898	0.640601503759399	7.05501056448986e-07	0.039761988931188	Both
ENY2	56943	0.751734693877551	0.640601503759399	3.06094520313354e-08	0.039761988931188	Both
ARMH4	145407	0.320102040816327	-0.640601503759399	0.0569106126434573	0.039761988931188	HD_only
LINC00216	55451	-0.174591836734694	-0.640601503759399	0.335923682090893	0.039761988931188	HD_only
IRGQ	126298	0.251428571428571	0.640601503759399	0.147888146240976	0.039761988931188	HD_only
TSPEAR-AS1	54082	-0.142740499671177	-0.640601503759399	0.442216543334841	0.039761988931188	HD_only
ARHGEF6	9459	-0.255714285714286	-0.640601503759399	0.140381290567259	0.039761988931188	HD_only
ARHGEF17-AS1	100287837	-0.413469387755102	-0.640090304762309	0.0103116770521465	0.0401040416795998	Both
ECMXP	105373381	-0.553571428571428	-0.640090304762309	0.000251827342299697	0.0401040416795998	Both
LOC105375448	105375448	0.302821517574762	-0.639412288265118	0.0740630196947318	0.0403545775499694	HD_only
B3GALT6	126792	0.215816326530612	0.639097744360902	0.223122947678079	0.0403545775499694	HD_only
UROC1	131669	0.0383673469387755	-0.639097744360902	0.851627037399618	0.0403545775499694	HD_only
CLDN22	53842	0.545510204081633	0.639097744360902	0.000326257451368019	0.0403545775499694	Both
CHD1	1105	-0.164081632653061	-0.639097744360902	0.369079255191501	0.0403545775499694	HD_only
DCBLD1	285761	0.583673469387755	0.639097744360902	8.97186555316563e-05	0.0403545775499694	Both
RNF217-AS1	7955	-0.208367346938775	-0.639097744360902	0.241519545581871	0.0403545775499694	HD_only
CHMP5	51510	0.727142857142857	0.639097744360902	1.3511336279113e-07	0.0403545775499694	Both
AGAP10P	653234	-0.59530612244898	-0.639097744360902	5.893585867945e-05	0.0403545775499694	Both
PTGES3	10728	0.602244897959184	0.639097744360902	4.54206137687435e-05	0.0403545775499694	Both
EP400	57634	-0.673571428571429	-0.639097744360902	2.22891682878229e-06	0.0403545775499694	Both
LOC112268140	112268140	-0.30969387755102	-0.639097744360902	0.0667677405684773	0.0403545775499694	HD_only
CDIPT	10423	-0.116836734693878	0.639097744360902	0.538604422109064	0.0403545775499694	HD_only
ZNF48	197407	0.119081632653061	0.639097744360902	0.53002334245386	0.0403545775499694	HD_only
ZNF19	7567	-0.343061224489796	-0.639097744360902	0.0391277625529981	0.0403545775499694	HD_only
AARSD1	80755	0.310918367346939	0.639097744360902	0.0654826311231661	0.0403545775499694	HD_only
ATP5MC1	516	0.394897959183673	0.639097744360902	0.0150220192903534	0.0403545775499694	HD_only
KCNJ2-AS1	400617	-0.211122448979592	-0.639097744360902	0.234644373199394	0.0403545775499694	HD_only
ZNF236-DT	100131655	-0.486632653061224	-0.639097744360902	0.00180536957249429	0.0403545775499694	Both
VSX1	30813	-0.521020408163265	-0.639097744360902	0.000689227506217039	0.0403545775499694	Both
HDAC8	55869	0.566938775510204	0.639097744360902	0.000160730029953029	0.0403545775499694	Both
IFNLR1	163702	-0.280102040816327	-0.637593984962406	0.1022370954531	0.0410701194759184	HD_only
GPN2	54707	-0.301326530612245	0.637593984962406	0.0757241497589086	0.0410701194759184	HD_only
GNRHR2	114814	0.137551020408163	-0.637593984962406	0.460774007028664	0.0410701194759184	HD_only
LIPH	200879	0.303979591836735	0.637593984962406	0.0727170756251337	0.0410701194759184	HD_only
LINC02012	100129516	-0.225	0.637593984962406	0.201654592777009	0.0410701194759184	HD_only
ZNF622	90441	0.413979591836735	0.637593984962406	0.0102057482102146	0.0410701194759184	Both
BTN2A2	10385	-0.250816326530612	-0.637593984962406	0.148999626040583	0.0410701194759184	HD_only
ZC3HC1	51530	-0.158163265306122	0.637593984962406	0.389386581805089	0.0410701194759184	HD_only
COMMD5	28991	-0.113775510204082	0.637593984962406	0.5505616150853	0.0410701194759184	HD_only
ZNF16	7564	-0.518877551020408	0.637593984962406	0.000735210409790008	0.0410701194759184	Both
PSMB7	5695	0.569489795918367	0.637593984962406	0.000146937317675399	0.0410701194759184	Both
LIN7C	55327	0.136428571428571	0.637593984962406	0.464876339464693	0.0410701194759184	HD_only
UQCC3	790955	0.0333673469387755	0.637593984962406	0.871730126448881	0.0410701194759184	HD_only
ERC1	23085	-0.391428571428571	-0.637593984962406	0.0160863948186163	0.0410701194759184	HD_only
EEF1AKMT1	221143	0.341122448979592	0.637593984962406	0.0403408211200438	0.0410701194759184	HD_only
LOC112268118	112268118	-0.0185733239052674	-0.637593984962406	0.930754963938772	0.0410701194759184	HD_only
TACO1	51204	0.521020408163265	0.637593984962406	0.000689227506217039	0.0410701194759184	Both
SMIM24	284422	0.323469387755102	0.637593984962406	0.0539076556205632	0.0410701194759184	HD_only
PPP6R2	9701	-0.37734693877551	0.637593984962406	0.021147983056604	0.0410701194759184	HD_only
CRIPT	9419	0.348979591836735	0.63609022556391	0.0353022594527166	0.0417164276976162	HD_only
CIMIP6	129852	-0.0830612244897959	-0.63609022556391	0.672551813713135	0.0417164276976162	HD_only
SUCLG2-DT	101927111	-0.358571428571429	-0.63609022556391	0.0298440560224147	0.0417164276976162	HD_only
LEF1-AS1	641518	-0.276428571428571	-0.63609022556391	0.107415107047323	0.0417164276976162	HD_only
LINC01061	401149	-0.788775510204082	-0.63609022556391	2.56467959021992e-09	0.0417164276976162	Both
SMAD1-AS1	104326058	-0.12030612244898	-0.63609022556391	0.52551266298614	0.0417164276976162	HD_only
LOC101928409	101928409	0.264183673469388	0.63609022556391	0.12618543156071	0.0417164276976162	HD_only
ADCY2	108	0.0339795918367347	-0.63609022556391	0.869443536350635	0.0417164276976162	HD_only
RTN4IP1	84816	0.666428571428571	0.63609022556391	3.10493556314592e-06	0.0417164276976162	Both
ZNRF2P1	441208	-0.466836734693877	-0.63609022556391	0.00300424373326323	0.0417164276976162	Both
CCT6A	908	0.804897959183673	0.63609022556391	6.60163852309472e-10	0.0417164276976162	Both
STAG3L1	54441	-0.476530612244898	-0.63609022556391	0.00234076209231351	0.0417164276976162	Both
TNFRSF10A	8797	-0.172959183673469	-0.63609022556391	0.340988826020526	0.0417164276976162	HD_only
CWC15	51503	0.447551020408163	0.63609022556391	0.00481329734573173	0.0417164276976162	Both
FOXG1	2290	0.628775510204082	0.63609022556391	1.5883128312639e-05	0.0417164276976162	Both
DGLUCY	80017	-0.560714285714286	-0.63609022556391	0.000198344867810831	0.0417164276976162	Both
TEDC2	80178	0.357755102040816	0.63609022556391	0.0302734430598297	0.0417164276976162	HD_only
NTN1	9423	-0.551632653061224	-0.63609022556391	0.000268039552948149	0.0417164276976162	Both
NT5C3B	115024	0.582755102040816	0.63609022556391	9.24897275356231e-05	0.0417164276976162	Both
ZNF460	10794	-0.204897959183673	-0.63609022556391	0.250431848476703	0.0417164276976162	HD_only
CCT8	10694	0.804081632653061	0.63609022556391	7.03329980510087e-10	0.0417164276976162	Both
LINC01278	92249	-0.443673469387755	-0.63609022556391	0.00526801051674068	0.0417164276976162	Both
NEUROG2-AS1	105377372	-0.0860462490916483	0.635431093086224	0.660854013312206	0.0422555085689	HD_only
PCBP1	5093	0.14	0.634586466165413	0.452256287525965	0.042348439642216	HD_only
FZD5	7855	-0.216938775510204	-0.634586466165413	0.220515022340025	0.042348439642216	HD_only
FBXO36	130888	-0.374897959183673	-0.634586466165413	0.0221714807005884	0.042348439642216	HD_only
NDUFB5	4711	0.820612244897959	0.634586466165413	1.67104324914585e-10	0.042348439642216	Both
SPDYE5	442590	-0.671836734693877	-0.634586466165413	2.41745053753519e-06	0.042348439642216	Both
CCDC146	57639	-0.15530612244898	-0.634586466165413	0.398634796338734	0.042348439642216	HD_only
MFSD3	113655	0.238877551020408	0.634586466165413	0.171885391294992	0.042348439642216	HD_only
ECD	11319	0.26234693877551	-0.634586466165413	0.129239413719638	0.042348439642216	HD_only
LOC105378552	105378552	-0.580510204081633	-0.634586466165413	0.000100241573118887	0.042348439642216	Both
TRIM22	10346	0.00224489795918367	-0.634586466165413	0.991942426838893	0.042348439642216	HD_only
OAS2	4939	0.0772448979591837	-0.634586466165413	0.695912871958087	0.042348439642216	HD_only
GCHFR	2644	-0.0690816326530612	0.634586466165413	0.728619409056842	0.042348439642216	HD_only
TSNAXIP1	55815	0.176122448979592	0.634586466165413	0.331301728861345	0.042348439642216	HD_only
NUP88	4927	0.626530612244898	0.634586466165413	1.74564561101692e-05	0.042348439642216	Both
KANSL1	284058	-0.0607142857142857	0.634586466165413	0.762828260066595	0.042348439642216	HD_only
AKAP1	8165	-0.372448979591837	-0.634586466165413	0.023213089566961	0.042348439642216	HD_only
SNRPD2	6633	0.167040816326531	0.634586466165413	0.359797282603141	0.042348439642216	HD_only
THBD	7056	0.180408163265306	-0.634586466165413	0.318653569405959	0.042348439642216	HD_only
C21orf140	101928147	-0.231734693877551	-0.634586466165413	0.186567364075634	0.042348439642216	HD_only
LOC105372850	105372850	-0.564795918367347	-0.634586466165413	0.000172513261694784	0.042348439642216	Both
CXorf38	159013	-0.480714285714286	-0.634586466165413	0.00210086321778203	0.042348439642216	Both
TMEM164	84187	-0.214081632653061	-0.634586466165413	0.227284184639959	0.042348439642216	HD_only
ELANE	1991	0.21563424951555	0.634073004600031	0.223662681556309	0.0427661558811671	HD_only
PELATON	100506115	-0.071039107357353	-0.634036863610946	0.720905946201281	0.0427698670146017	HD_only
YBX3P1	440359	0.067248277798079	-0.633212055637664	0.735761462737071	0.0430212645800005	HD_only
SPAG17	200162	0.0689795918367347	-0.633082706766917	0.728884427875103	0.0430212645800005	HD_only
LGALSL	29094	0.618673469387755	0.633082706766917	2.41273865968653e-05	0.0430212645800005	Both
SULT1C4	27233	-0.448979591836735	-0.633082706766917	0.00466699434942947	0.0430212645800005	Both
LOC105373759	105373759	-0.375102040816326	-0.633082706766917	0.0220791874853337	0.0430212645800005	HD_only
NIM1K	167359	0.333265306122449	0.633082706766917	0.0460117430932777	0.0430212645800005	HD_only
GDF9	2661	0.326632653061224	0.633082706766917	0.0512140387004821	0.0430212645800005	HD_only
MLLT10	8028	-0.442448979591837	-0.633082706766917	0.00541839014602901	0.0430212645800005	Both
RASGEF1A	221002	0.581020408163265	0.633082706766917	9.86032970134785e-05	0.0430212645800005	Both
MACROH2A2	55506	0.00551020408163265	0.633082706766917	0.98031508080378	0.0430212645800005	HD_only
VCL	7414	0.0141836734693878	-0.633082706766917	0.947694490458015	0.0430212645800005	HD_only
FKBP11	51303	-0.371734693877551	0.633082706766917	0.0235330444801006	0.0430212645800005	HD_only
SMUG1	23583	0.0951020408163265	0.633082706766917	0.624226116339286	0.0430212645800005	HD_only
ERVK13-1	100507321	0.0123469387755102	-0.633082706766917	0.954486609072111	0.0430212645800005	HD_only
TXNDC11	51061	0.157040816326531	0.633082706766917	0.39292632331882	0.0430212645800005	HD_only
RASL10B	91608	0.0413265306122449	0.633082706766917	0.839720510841436	0.0430212645800005	HD_only
ARMC7	79637	0.0112244897959184	0.633082706766917	0.958004161507	0.0430212645800005	HD_only
ZNF724	440519	-0.181586265014827	-0.633082706766917	0.315205535818634	0.0430212645800005	HD_only
IDH3B	3420	0.382142857142857	0.633082706766917	0.0192976796196095	0.0430212645800005	HD_only
SLC25A14	9016	0.828877551020408	0.633082706766917	8.64173626333508e-11	0.0430212645800005	Both
SNORD116-4	100033416	-0.511339575155549	-0.632568679559462	0.000918512581180234	0.0434442162917403	Both
LOC105374662	105374662	-0.333775510204082	-0.631836313285673	0.0456339288908659	0.0438180372023757	HD_only
FPR3	2359	-0.0353241495742027	-0.631816517039177	0.863985240044412	0.0438180372023757	HD_only
NPR1	4881	-0.289183673469388	-0.631578947368421	0.0902512005670806	0.0438180372023757	HD_only
CCDC88A	55704	-0.0985714285714286	-0.631578947368421	0.610764064263413	0.0438180372023757	HD_only
SDHAP4	220729	0.0690816326530612	-0.631578947368421	0.728619409056842	0.0438180372023757	HD_only
ATG12	9140	0.698775510204082	0.631578947368421	6.2118823125876e-07	0.0438180372023757	Both
PCDHGB6	56100	-0.66265306122449	-0.631578947368421	3.66945324883138e-06	0.0438180372023757	Both
PCDHGA10	56106	-0.652959183673469	-0.631578947368421	5.70709092073397e-06	0.0438180372023757	Both
ELOVL2	54898	-0.508775510204082	-0.631578947368421	0.00098801337466452	0.0438180372023757	Both
HDDC2	51020	0.358265306122449	0.631578947368421	0.0299937129936919	0.0438180372023757	HD_only
ZNF212	7988	-0.533469387755102	0.631578947368421	0.000477592742223969	0.0438180372023757	Both
FREM1	158326	0.12234693877551	-0.631578947368421	0.517698889938207	0.0438180372023757	HD_only
CNTNAP3	79937	-0.0541836734693878	-0.631578947368421	0.788654322341121	0.0438180372023757	HD_only
OLFM1	10439	0.508979591836735	0.631578947368421	0.000982851865018402	0.0438180372023757	Both
SNX29P2	440352	-0.543061224489796	-0.631578947368421	0.000352220577847893	0.0438180372023757	Both
ZNF471	57573	-0.413979591836735	-0.631578947368421	0.0102057482102146	0.0438180372023757	Both
LOC105377139	105377139	-0.405714285714286	-0.631578947368421	0.0120914335007808	0.0438180372023757	Both
EOLA1-DT	100131434	-0.438367346938775	-0.631578947368421	0.0059386478990639	0.0438180372023757	Both
LOC731075	731075	-0.329319320012626	0.631024812002343	0.0490713203673206	0.044254631406696	HD_only
ISL2	64843	-0.237105006578587	0.631024812002343	0.175439997784884	0.044254631406696	HD_only
CLEC12B	387837	-0.236383581290726	-0.630947888573405	0.17684094534676	0.0442953036990909	HD_only
LOC158435	158435	-0.610204081632653	-0.630312191998608	3.36094865818312e-05	0.0445734057080469	Both
ANKRD36B	57730	0.043469387755102	-0.630075187969925	0.831468980420837	0.0445734057080469	HD_only
C3orf80	401097	0.736530612244898	0.630075187969925	7.76651288603447e-08	0.0445734057080469	Both
RNF212	285498	0.0409183673469388	0.630075187969925	0.841289158437806	0.0445734057080469	HD_only
PCDHGA11	56105	-0.666734693877551	-0.630075187969925	3.05724371535742e-06	0.0445734057080469	Both
STK19	8859	-0.0889795918367347	0.630075187969925	0.648990109969907	0.0445734057080469	HD_only
LOC105377945	105377945	-0.383469387755102	-0.630075187969925	0.0187937535101349	0.0445734057080469	HD_only
KCTD7	154881	-0.402857142857143	-0.630075187969925	0.0127821071705131	0.0445734057080469	Both
MCPH1-AS1	100507530	-0.105	-0.630075187969925	0.585451732829368	0.0445734057080469	HD_only
GINS4	84296	-0.264897959183673	-0.630075187969925	0.125025827723189	0.0445734057080469	HD_only
HDHD3	81932	-0.233367346938776	0.630075187969925	0.183111489030013	0.0445734057080469	HD_only
CABP1	9478	0.250714285714286	0.630075187969925	0.149200132976417	0.0445734057080469	HD_only
MCOLN1	57192	-0.0026530612244898	0.630075187969925	0.990481384182321	0.0445734057080469	HD_only
RAB3D	9545	0.045	0.630075187969925	0.825815045999324	0.0445734057080469	HD_only
CCNE1	898	0.59704081632653	0.630075187969925	5.51285089488154e-05	0.0445734057080469	Both
GRAMD1A	57655	-0.531428571428571	-0.630075187969925	0.00050531354875634	0.0445734057080469	Both
ZNF610	162963	-0.265	-0.630075187969925	0.124849796954603	0.0445734057080469	HD_only
NLGN3	54413	-0.702244897959184	-0.630075187969925	5.23873538777334e-07	0.0445734057080469	Both
MIR3614	100500827	-0.0230612244897959	-0.629560029478323	0.912903912981237	0.0450086128739408	HD_only
EPHA2-AS1	101927479	-0.183692066096269	-0.6294384438639	0.308784613073471	0.045090344748534	HD_only
LOC105377950	105377950	-0.19658085457245	-0.629389281533945	0.272625470983946	0.0451066803403942	HD_only
PAPPA2	60676	-0.337857142857143	-0.628571428571429	0.0426179315000308	0.0453985868361028	HD_only
TEX264	51368	-0.33969387755102	0.628571428571429	0.0413397875071816	0.0453985868361028	HD_only
CENPE	1062	0.0704081632653061	-0.628571428571429	0.723512295570687	0.0453985868361028	HD_only
SHLD3	112441434	0.526224489795918	0.628571428571429	0.000590753383593344	0.0453985868361028	Both
PCDHGA7	56108	-0.685	-0.628571428571429	1.26068348086403e-06	0.0453985868361028	Both
SAYSD1	55776	0.0387755102040816	0.628571428571429	0.849952994614895	0.0453985868361028	HD_only
MIR4647	100616124	-0.0143877551020408	0.628571428571429	0.947153005468383	0.0453985868361028	HD_only
LCA5	167691	-0.165408163265306	-0.628571428571429	0.364973631413417	0.0453985868361028	HD_only
REPIN1-AS1	105375563	0.138877551020408	0.628571428571429	0.456132977450396	0.0453985868361028	HD_only
CNTRL	11064	-0.41969387755102	-0.628571428571429	0.00903343836930596	0.0453985868361028	Both
SRSF8	10929	0.403673469387755	0.628571428571429	0.012582927056478	0.0453985868361028	Both
TMEM52B	120939	0.436734693877551	-0.628571428571429	0.00616247210720735	0.0453985868361028	Both
EPN2	22905	-0.734591836734694	-0.628571428571429	8.78672899852475e-08	0.0453985868361028	Both
FTSJ3	117246	-0.384081632653061	0.628571428571429	0.0185909740778801	0.0453985868361028	HD_only
MRI1	84245	-0.423673469387755	-0.628571428571429	0.00827069523798108	0.0453985868361028	Both
DRAXIN	374946	-0.088469387755102	-0.627067669172932	0.650722738844357	0.0463514225706419	HD_only
CATSPERE	257044	0.128979591836735	-0.627067669172932	0.49253802762473	0.0463514225706419	HD_only
COMMD8	54951	0.775510204081633	0.627067669172932	6.44740282157259e-09	0.0463514225706419	Both
C4orf51	646603	0.0507142857142857	-0.627067669172932	0.80274469839043	0.0463514225706419	HD_only
PRDM1	639	0.0292857142857143	-0.627067669172932	0.888407257420608	0.0463514225706419	HD_only
PPIL4	85313	0.0279591836734694	-0.627067669172932	0.893239852772264	0.0463514225706419	HD_only
ZC3HAV1	56829	-0.240510204081633	-0.627067669172932	0.168647370974849	0.0463514225706419	HD_only
UBR5-DT	101927221	-0.249081632653061	-0.627067669172932	0.152155665456829	0.0463514225706419	HD_only
MIR6852	102465513	-0.651938775510204	-0.627067669172932	5.96748127337643e-06	0.0463514225706419	Both
NRXN2-AS1	107984337	-0.581632653061224	-0.627067669172932	9.65031030585379e-05	0.0463514225706419	Both
LUM	4060	0.441836734693877	-0.627067669172932	0.00549706931148781	0.0463514225706419	Both
ITGAX	3687	-0.276224489795918	-0.627067669172932	0.107720984496944	0.0463514225706419	HD_only
SIAH1	6477	0.173571428571429	0.627067669172932	0.339212419038162	0.0463514225706419	HD_only
SLC1A6	6511	0.271734693877551	0.627067669172932	0.114329995380978	0.0463514225706419	HD_only
LOC101929819	101929819	-0.448061224489796	-0.627067669172932	0.00476147253962092	0.0463514225706419	Both
PLA2G2C	391013	0.143319982699255	-0.626551379397184	0.440004256547794	0.0467722091625345	HD_only
PPP1R2B	153743	0.0925510204081633	-0.626551379397184	0.634496808275335	0.0467722091625345	HD_only
LOC105370706	105370706	-0.0838954465721558	-0.625664832090135	0.669200789284489	0.0472352688617819	HD_only
SLC66A3	130814	0.722448979591837	0.625563909774436	1.7758470904911e-07	0.0472352688617819	Both
TMEM115	11070	-0.205816326530612	0.625563909774436	0.247969340158301	0.0472352688617819	HD_only
TMEM271	112441426	0.318163265306122	0.625563909774436	0.0586816691770168	0.0472352688617819	HD_only
ARSJ	79642	-0.0620408163265306	-0.625563909774436	0.757424139094685	0.0472352688617819	HD_only
ZNF608	57507	-0.565102040816326	-0.625563909774436	0.000170738415167614	0.0472352688617819	Both
INVS	27130	-0.620918367346939	-0.625563909774436	2.21282212820175e-05	0.0472352688617819	Both
TMX2	51075	0.450102040816326	0.625563909774436	0.0045377735746023	0.0472352688617819	Both
MRPL48	51642	0.323877551020408	0.625563909774436	0.0535786173463264	0.0472352688617819	HD_only
ATF7	11016	-0.752959183673469	-0.625563909774436	2.8394580296582e-08	0.0472352688617819	Both
LOC105370733	105370733	-0.188367346938775	-0.625563909774436	0.295701053112707	0.0472352688617819	HD_only
LOC101927999	101927999	-0.362244897959184	-0.625563909774436	0.0279458772760909	0.0472352688617819	HD_only
CDKN2D	1032	0.498673469387755	0.625563909774436	0.00130735226088534	0.0472352688617819	Both
NPAS1	4861	0.0386734693877551	0.625563909774436	0.850380872070105	0.0472352688617819	HD_only
DMC1	11144	0.188877551020408	-0.625563909774436	0.294236615686335	0.0472352688617819	HD_only
ZNF275	10838	-0.506938775510204	-0.625563909774436	0.00104020070601255	0.0472352688617819	Both
PYDC5	107181291	-0.240612244897959	-0.624910109735382	0.168440418738762	0.0478207483747623	HD_only
ZMYND12	84217	0.0747959183673469	-0.62406015037594	0.705784235547099	0.0480195882986476	HD_only
NTSR2	23620	-0.450918367346939	-0.62406015037594	0.0044552964049388	0.0480195882986476	Both
LINC01881	728323	-0.226530612244898	-0.62406015037594	0.198130258925369	0.0480195882986476	HD_only
SLC22A14	9389	0.118571428571429	0.62406015037594	0.531768681445546	0.0480195882986476	HD_only
CELSR3	1951	-0.328775510204082	0.62406015037594	0.0494860347184215	0.0480195882986476	HD_only
ZNF595	152687	-0.149387755102041	-0.62406015037594	0.419040781671052	0.0480195882986476	HD_only
MTBP	27085	-0.0561224489795918	-0.62406015037594	0.780729350903546	0.0480195882986476	HD_only
FAM225B	100128385	-0.674795918367347	-0.62406015037594	2.11813231912519e-06	0.0480195882986476	Both
NTMT1	28989	0.181938775510204	0.62406015037594	0.314112228865215	0.0480195882986476	HD_only
KLF6	1316	0.359285714285714	-0.62406015037594	0.029472153589633	0.0480195882986476	HD_only
SNORD6	692075	0.0355102040816326	-0.62406015037594	0.863283039584845	0.0480195882986476	HD_only
PSMC1	5700	0.689387755102041	0.62406015037594	1.02091144193806e-06	0.0480195882986476	Both
SETD3	84193	0.506632653061224	0.62406015037594	0.00104924852224829	0.0480195882986476	Both
MINK1	50488	-0.542244897959184	-0.62406015037594	0.000361103915685987	0.0480195882986476	Both
CHORDC1P4	727896	-0.355714285714286	-0.62406015037594	0.0313481896486969	0.0480195882986476	HD_only
RCAN1	1827	0.406122448979592	0.62406015037594	0.0119939456216813	0.0480195882986476	Both
APOL2	23780	0.056734693877551	0.62406015037594	0.778265976010643	0.0480195882986476	HD_only
LOC105373195	105373195	-0.747244897959184	-0.62406015037594	4.04000013941712e-08	0.0480195882986476	Both
INTS6L	203522	0.241122448979592	-0.62406015037594	0.167444336284476	0.0480195882986476	HD_only
LOC102724183	102724183	-0.0713629495733171	-0.622645942671123	0.719467363096151	0.0489912091658448	HD_only
RHBDD1	84236	-0.60469387755102	-0.622556390977444	4.16029310780755e-05	0.0489912091658448	Both
LOC107986845	107986845	0.208367346938775	0.622556390977444	0.241519545581871	0.0489912091658448	HD_only
IL7	3574	0.0720408163265306	-0.622556390977444	0.716530449727769	0.0489912091658448	HD_only
UQCRB	7381	0.587959183673469	0.622556390977444	7.66113240746718e-05	0.0489912091658448	Both
ANKRD20A3P	441425	0.188469387755102	-0.622556390977444	0.29547348042935	0.0489912091658448	HD_only
LOC105376159	105376159	-0.546836734693878	-0.622556390977444	0.000312683891908111	0.0489912091658448	Both
TMEM179	388021	0.0920408163265306	0.622556390977444	0.636723411433411	0.0489912091658448	HD_only
PRTG	283659	-0.068469387755102	-0.622556390977444	0.73078540254752	0.0489912091658448	HD_only
WSB1	26118	0.0571428571428571	-0.622556390977444	0.776670228107546	0.0489912091658448	HD_only
ERAL1	26284	-0.190204081632653	0.622556390977444	0.290644352449633	0.0489912091658448	HD_only
NOP56	10528	0.115714285714286	0.622556390977444	0.542856863900588	0.0489912091658448	HD_only
PES1	23481	-0.209285714285714	0.622556390977444	0.239302032831743	0.0489912091658448	HD_only
TRMU	55687	-0.277244897959184	0.622556390977444	0.106189685042581	0.0489912091658448	HD_only
TAF1	6872	-0.408571428571429	-0.622556390977444	0.011399535539952	0.0489912091658448	Both
IL2RB	3560	0.0248085790362175	-0.621229948314451	0.905990027344229	0.0496309007612408	HD_only
KHK	3795	0.29469387755102	0.621052631578947	0.0834258078817724	0.0496309007612408	HD_only
RPL9	6133	0.238673469387755	0.621052631578947	0.172329952393992	0.0496309007612408	HD_only
SNORD138	109623460	0.0171428571428571	0.621052631578947	0.936298478623889	0.0496309007612408	HD_only
HBEGF	1839	-0.304591836734694	-0.621052631578947	0.0720679320004829	0.0496309007612408	HD_only
ARMC2	84071	0.0973469387755102	-0.621052631578947	0.615598014156489	0.0496309007612408	HD_only
GGH	8836	0.809387755102041	0.621052631578947	4.36096823192141e-10	0.0496309007612408	Both
PDCD1LG2	80380	-0.132755102040816	-0.621052631578947	0.478287248764314	0.0496309007612408	HD_only
PCSK5	5125	-0.273673469387755	-0.621052631578947	0.111489815496556	0.0496309007612408	HD_only
ASPN	54829	0.299387755102041	-0.621052631578947	0.0779599372204065	0.0496309007612408	HD_only
TNC	3371	-0.253877551020408	-0.621052631578947	0.143716591331282	0.0496309007612408	HD_only
SVIL	6840	-0.127959183673469	-0.621052631578947	0.496180127148061	0.0496309007612408	HD_only
ECHS1	1892	0.114489795918367	0.621052631578947	0.547641488476541	0.0496309007612408	HD_only
IFTAP	119710	0.831836734693878	0.621052631578947	7.0206038746746e-11	0.0496309007612408	Both
LOC102724078	102724078	-0.221553220869975	-0.621052631578947	0.209586380769826	0.0496309007612408	HD_only
ANKRD63	100131244	0.284285714285714	0.621052631578947	0.0964393166759964	0.0496309007612408	HD_only
CLCN7	1186	-0.594489795918367	0.621052631578947	6.06332826451919e-05	0.0496309007612408	Both
COG4	25839	-0.511326530612245	0.621052631578947	0.000918725199904181	0.0496309007612408	Both
SARM1	23098	-0.663367346938775	-0.621052631578947	3.55784607683534e-06	0.0496309007612408	Both
SHD	56961	0.0910204081632653	0.621052631578947	0.640807446044718	0.0496309007612408	HD_only
CYP4F11	57834	-0.385816326530612	-0.621052631578947	0.0179859079309773	0.0496309007612408	HD_only
DPF1	8193	0.459897959183673	0.621052631578947	0.00357072376574488	0.0496309007612408	Both
DSN1	79980	0.719081632653061	0.621052631578947	2.11910277729303e-07	0.0496309007612408	Both
IFNAR2	3455	-0.250510204081633	-0.621052631578947	0.149601741570897	0.0496309007612408	HD_only
SGSM3	27352	-0.0111224489795918	0.621052631578947	0.958250838589393	0.0496309007612408	HD_only
PKDREJ	10343	-0.465816326530612	-0.621052631578947	0.00307992316591404	0.0496309007612408	Both
